Source File,Report Period,Category,Product Name,Units Sold,Units in Stock,Unit Price
StockReport_2016-07.pdf,2016-07,Beverages,Chang,105,17,19
StockReport_2016-07.pdf,2016-07,Beverages,Chartreuse verte,48,69,18
StockReport_2016-07.pdf,2016-07,Beverages,Guaraná Fantástica,43,20,4.5
StockReport_2016-07.pdf,2016-07,Beverages,Lakkalikööri,15,57,18
StockReport_2016-07.pdf,2016-07,Beverages,Outback Lager,41,15,15
StockReport_2016-07.pdf,2016-07,Beverages,Steeleye Stout,20,20,18
StockReport_2016-07.pdf,2016-07,Condiments,Chef Anton's Gumbo Mix,77,0,21.35
StockReport_2016-07.pdf,2016-07,Condiments,Louisiana Fiery Hot..,35,76,21.05
StockReport_2016-07.pdf,2016-07,Condiments,Original Frankfurter..,27,32,13
StockReport_2016-07.pdf,2016-07,Confections,Maxilaku,40,10,20
StockReport_2016-07.pdf,2016-07,Confections,Pavlova,95,29,17.45
StockReport_2016-07.pdf,2016-07,Confections,Schoggi Schokolade,25,49,43.9
StockReport_2016-07.pdf,2016-07,Confections,Sir Rodney's Marmalade,40,40,81
StockReport_2016-07.pdf,2016-07,Confections,Sir Rodney's Scones,30,3,10
StockReport_2016-07.pdf,2016-07,Confections,Tarte au sucre,15,17,49.3
StockReport_2016-07.pdf,2016-07,Dairy Products,Camembert Pierrot,40,19,34
StockReport_2016-07.pdf,2016-07,Dairy Products,Geitost,85,112,2.5
StockReport_2016-07.pdf,2016-07,Dairy Products,Gorgonzola Telino,20,0,12.5
StockReport_2016-07.pdf,2016-07,Dairy Products,Mascarpone Fabioli,6,9,32
StockReport_2016-07.pdf,2016-07,Dairy Products,Mozzarella di Giovanni,29,14,34.8
StockReport_2016-07.pdf,2016-07,Dairy Products,Queso Cabrales,12,22,21
StockReport_2016-07.pdf,2016-07,Dairy Products,Queso Manchego La..,12,86,38
StockReport_2016-07.pdf,2016-07,Dairy Products,Raclette Courdavault,100,79,55
StockReport_2016-07.pdf,2016-07,Grains/Cereals,Gnocchi di nonna Alice,2,21,38
StockReport_2016-07.pdf,2016-07,Grains/Cereals,Gustaf's Knäckebröd,6,104,21
StockReport_2016-07.pdf,2016-07,Grains/Cereals,Ravioli Angelo,65,36,19.5
StockReport_2016-07.pdf,2016-07,Grains/Cereals,Singaporean Hokkien..,10,26,14
StockReport_2016-07.pdf,2016-07,Meat/Poultry,Alice Mutton,30,0,39
StockReport_2016-07.pdf,2016-07,Meat/Poultry,Perth Pasties,15,0,32.8
StockReport_2016-07.pdf,2016-07,Meat/Poultry,Pâté chinois,21,115,24
StockReport_2016-07.pdf,2016-07,Meat/Poultry,Thüringer Rostbratwurst,10,0,123.79
StockReport_2016-07.pdf,2016-07,Produce,Longlife Tofu,57,4,10
StockReport_2016-07.pdf,2016-07,Produce,Manjimup Dried Apples,75,20,53
StockReport_2016-07.pdf,2016-07,Produce,Tofu,9,35,23.25
StockReport_2016-08.pdf,2016-08,Beverages,Chai,63,39,18
StockReport_2016-08.pdf,2016-08,Beverages,Guaraná Fantástica,40,20,4.5
StockReport_2016-08.pdf,2016-08,Beverages,Ipoh Coffee,40,17,46
StockReport_2016-08.pdf,2016-08,Beverages,Lakkalikööri,33,57,18
StockReport_2016-08.pdf,2016-08,Beverages,Laughing Lumberjack..,5,52,14
StockReport_2016-08.pdf,2016-08,Beverages,Rhönbräu Klosterbier,42,125,7.75
StockReport_2016-08.pdf,2016-08,Beverages,Sasquatch Ale,20,111,14
StockReport_2016-08.pdf,2016-08,Beverages,Steeleye Stout,104,20,18
StockReport_2016-08.pdf,2016-08,Condiments,Aniseed Syrup,30,13,10
StockReport_2016-08.pdf,2016-08,Condiments,Chef Anton's Gumbo Mix,20,0,21.35
StockReport_2016-08.pdf,2016-08,Condiments,Genen Shouyu,20,39,15.5
StockReport_2016-08.pdf,2016-08,Condiments,Gula Malacca,61,27,19.45
StockReport_2016-08.pdf,2016-08,Condiments,Original Frankfurter..,10,32,13
StockReport_2016-08.pdf,2016-08,Condiments,Vegie-spread,13,24,43.9
StockReport_2016-08.pdf,2016-08,Confections,Maxilaku,15,10,20
StockReport_2016-08.pdf,2016-08,Confections,Pavlova,40,29,17.45
StockReport_2016-08.pdf,2016-08,Confections,Schoggi Schokolade,15,49,43.9
StockReport_2016-08.pdf,2016-08,Confections,Scottish Longbreads,3,6,12.5
StockReport_2016-08.pdf,2016-08,Confections,Sir Rodney's Marmalade,26,40,81
StockReport_2016-08.pdf,2016-08,Confections,Tarte au sucre,52,17,49.3
StockReport_2016-08.pdf,2016-08,Confections,Teatime Chocolate..,19,25,9.2
StockReport_2016-08.pdf,2016-08,Dairy Products,Camembert Pierrot,76,19,34
StockReport_2016-08.pdf,2016-08,Dairy Products,Flotemysost,20,26,21.5
StockReport_2016-08.pdf,2016-08,Dairy Products,Geitost,44,112,2.5
StockReport_2016-08.pdf,2016-08,Dairy Products,Gorgonzola Telino,55,0,12.5
StockReport_2016-08.pdf,2016-08,Dairy Products,Mozzarella di Giovanni,34,14,34.8
StockReport_2016-08.pdf,2016-08,Dairy Products,Raclette Courdavault,21,79,55
StockReport_2016-08.pdf,2016-08,Grains/Cereals,Ravioli Angelo,2,36,19.5
StockReport_2016-08.pdf,2016-08,Grains/Cereals,Wimmers gute..,9,22,33.25
StockReport_2016-08.pdf,2016-08,Meat/Poultry,Alice Mutton,30,0,39
StockReport_2016-08.pdf,2016-08,Meat/Poultry,Perth Pasties,36,0,32.8
StockReport_2016-08.pdf,2016-08,Meat/Poultry,Pâté chinois,20,115,24
StockReport_2016-08.pdf,2016-08,Meat/Poultry,Thüringer Rostbratwurst,15,0,123.79
StockReport_2016-08.pdf,2016-08,Meat/Poultry,Tourtière,10,21,7.45
StockReport_2016-09.pdf,2016-09,Beverages,Chai,20,39,18
StockReport_2016-09.pdf,2016-09,Beverages,Chang,40,17,19
StockReport_2016-09.pdf,2016-09,Beverages,Chartreuse verte,90,69,18
StockReport_2016-09.pdf,2016-09,Beverages,Ipoh Coffee,56,17,46
StockReport_2016-09.pdf,2016-09,Beverages,Outback Lager,55,15,15
StockReport_2016-09.pdf,2016-09,Beverages,Rhönbräu Klosterbier,10,125,7.75
StockReport_2016-09.pdf,2016-09,Beverages,Sasquatch Ale,14,111,14
StockReport_2016-09.pdf,2016-09,Condiments,Chef Anton's Cajun..,20,53,22
StockReport_2016-09.pdf,2016-09,Condiments,Grandma's Boysenberry..,30,120,25
StockReport_2016-09.pdf,2016-09,Condiments,Louisiana Fiery Hot..,30,76,21.05
StockReport_2016-09.pdf,2016-09,Condiments,Louisiana Hot Spiced..,30,4,17
StockReport_2016-09.pdf,2016-09,Confections,Maxilaku,30,10,20
StockReport_2016-09.pdf,2016-09,Confections,Pavlova,40,29,17.45
StockReport_2016-09.pdf,2016-09,Confections,Scottish Longbreads,38,6,12.5
StockReport_2016-09.pdf,2016-09,Confections,Tarte au sucre,125,17,49.3
StockReport_2016-09.pdf,2016-09,Confections,Teatime Chocolate..,15,25,9.2
StockReport_2016-09.pdf,2016-09,Dairy Products,Flotemysost,5,26,21.5
StockReport_2016-09.pdf,2016-09,Dairy Products,Gudbrandsdalsost,23,26,36
StockReport_2016-09.pdf,2016-09,Dairy Products,Mascarpone Fabioli,40,9,32
StockReport_2016-09.pdf,2016-09,Dairy Products,Mozzarella di Giovanni,20,14,34.8
StockReport_2016-09.pdf,2016-09,Dairy Products,Queso Cabrales,12,22,21
StockReport_2016-09.pdf,2016-09,Dairy Products,Raclette Courdavault,40,79,55
StockReport_2016-09.pdf,2016-09,Grains/Cereals,Gnocchi di nonna Alice,24,21,38
StockReport_2016-09.pdf,2016-09,Grains/Cereals,Singaporean Hokkien..,8,26,14
StockReport_2016-09.pdf,2016-09,Meat/Poultry,Alice Mutton,40,0,39
StockReport_2016-09.pdf,2016-09,Meat/Poultry,Perth Pasties,30,0,32.8
StockReport_2016-09.pdf,2016-09,Meat/Poultry,Thüringer Rostbratwurst,25,0,123.79
StockReport_2016-09.pdf,2016-09,Meat/Poultry,Tourtière,5,21,7.45
StockReport_2016-09.pdf,2016-09,Produce,Rössle Sauerkraut,32,26,45.6
StockReport_2016-09.pdf,2016-09,Seafood,Boston Crab Meat,50,123,18.4
StockReport_2016-09.pdf,2016-09,Seafood,Carnarvon Tigers,25,42,62.5
StockReport_2016-09.pdf,2016-09,Seafood,Escargots de Bourgogne,30,62,13.25
StockReport_2016-09.pdf,2016-09,Seafood,Inlagd Sill,52,112,19
StockReport_2016-09.pdf,2016-09,Seafood,Jack's New England..,10,85,9.65
StockReport_2016-10.pdf,2016-10,Beverages,Chang,56,17,19
StockReport_2016-10.pdf,2016-10,Beverages,Chartreuse verte,4,69,18
StockReport_2016-10.pdf,2016-10,Beverages,Côte de Blaye,20,17,263.5
StockReport_2016-10.pdf,2016-10,Beverages,Ipoh Coffee,40,17,46
StockReport_2016-10.pdf,2016-10,Beverages,Lakkalikööri,51,57,18
StockReport_2016-10.pdf,2016-10,Beverages,Rhönbräu Klosterbier,50,125,7.75
StockReport_2016-10.pdf,2016-10,Beverages,Steeleye Stout,80,20,18
StockReport_2016-10.pdf,2016-10,Condiments,Chef Anton's Cajun..,52,53,22
StockReport_2016-10.pdf,2016-10,Condiments,Genen Shouyu,5,39,15.5
StockReport_2016-10.pdf,2016-10,Condiments,Grandma's Boysenberry..,6,120,25
StockReport_2016-10.pdf,2016-10,Condiments,Louisiana Fiery Hot..,40,76,21.05
StockReport_2016-10.pdf,2016-10,Condiments,Vegie-spread,80,24,43.9
StockReport_2016-10.pdf,2016-10,Confections,Gumbär Gummibärchen,74,15,31.23
StockReport_2016-10.pdf,2016-10,Confections,NuNuCa Nuß-Nougat-Creme4,76,14,Confections
StockReport_2016-10.pdf,2016-10,Pavlova,21,29,17.45,Confections
StockReport_2016-10.pdf,2016-10,Scottish Longbreads,24,6,12.5,Confections
StockReport_2016-10.pdf,2016-10,Sir Rodney's Scones,10,3,10,Confections
StockReport_2016-10.pdf,2016-10,Tarte au sucre,28,17,49.3,Confections
StockReport_2016-10.pdf,2016-10,Teatime Chocolate..,10,25,9.2,Confections
StockReport_2016-10.pdf,2016-10,Zaanse koeken,16,36,9.5,Dairy Products
StockReport_2016-10.pdf,2016-10,Flotemysost,70,26,21.5,Dairy Products
StockReport_2016-10.pdf,2016-10,Geitost,8,112,2.5,Dairy Products
StockReport_2016-10.pdf,2016-10,Gorgonzola Telino,85,0,12.5,Dairy Products
StockReport_2016-10.pdf,2016-10,Mascarpone Fabioli,6,9,32,Dairy Products
StockReport_2016-10.pdf,2016-10,Mozzarella di Giovanni,90,14,34.8,Dairy Products
StockReport_2016-10.pdf,2016-10,Queso Cabrales,50,22,21,Dairy Products
StockReport_2016-10.pdf,2016-10,Raclette Courdavault,58,79,55,Grains/Cereals
StockReport_2016-10.pdf,2016-10,Filo Mix,28,38,7,Grains/Cereals
StockReport_2016-10.pdf,2016-10,Gnocchi di nonna Alice,12,21,38,Grains/Cereals
StockReport_2016-10.pdf,2016-10,Ravioli Angelo,16,36,19.5,Grains/Cereals
StockReport_2016-10.pdf,2016-10,Singaporean Hokkien..,10,26,14,Grains/Cereals
StockReport_2016-10.pdf,2016-10,Tunnbröd,40,61,9,Grains/Cereals
StockReport_2016-10.pdf,2016-10,Wimmers gute..,50,22,33.25,Meat/Poultry
StockReport_2016-11.pdf,2016-11,Beverages,Chai,27,39,18
StockReport_2016-11.pdf,2016-11,Beverages,Chartreuse verte,104,69,18
StockReport_2016-11.pdf,2016-11,Beverages,Côte de Blaye,80,17,263.5
StockReport_2016-11.pdf,2016-11,Beverages,Guaraná Fantástica,45,20,4.5
StockReport_2016-11.pdf,2016-11,Beverages,Lakkalikööri,12,57,18
StockReport_2016-11.pdf,2016-11,Beverages,Rhönbräu Klosterbier,18,125,7.75
StockReport_2016-11.pdf,2016-11,Beverages,Sasquatch Ale,46,111,14
StockReport_2016-11.pdf,2016-11,Condiments,Chef Anton's Cajun..,35,53,22
StockReport_2016-11.pdf,2016-11,Condiments,Gula Malacca,77,27,19.45
StockReport_2016-11.pdf,2016-11,Condiments,Louisiana Fiery Hot..,30,76,21.05
StockReport_2016-11.pdf,2016-11,Condiments,Northwoods Cranberry..,140,6,40
StockReport_2016-11.pdf,2016-11,Condiments,Original Frankfurter..,12,32,13
StockReport_2016-11.pdf,2016-11,Confections,Gumbär Gummibärchen,16,15,31.23
StockReport_2016-11.pdf,2016-11,Confections,Maxilaku,35,10,20
StockReport_2016-11.pdf,2016-11,Confections,NuNuCa Nuß-Nougat-Creme60,76,14,Confections
StockReport_2016-11.pdf,2016-11,Pavlova,56,29,17.45,Confections
StockReport_2016-11.pdf,2016-11,Sir Rodney's Scones,5,3,10,Confections
StockReport_2016-11.pdf,2016-11,Teatime Chocolate..,80,25,9.2,Confections
StockReport_2016-11.pdf,2016-11,Valkoinen suklaa,15,65,16.25,Dairy Products
StockReport_2016-11.pdf,2016-11,Camembert Pierrot,143,19,34,Dairy Products
StockReport_2016-11.pdf,2016-11,Flotemysost,5,26,21.5,Dairy Products
StockReport_2016-11.pdf,2016-11,Gorgonzola Telino,120,0,12.5,Dairy Products
StockReport_2016-11.pdf,2016-11,Gudbrandsdalsost,68,26,36,Dairy Products
StockReport_2016-11.pdf,2016-11,Queso Cabrales,36,22,21,Grains/Cereals
StockReport_2016-11.pdf,2016-11,Gnocchi di nonna Alice,20,21,38,Grains/Cereals
StockReport_2016-11.pdf,2016-11,Ravioli Angelo,50,36,19.5,Grains/Cereals
StockReport_2016-11.pdf,2016-11,Singaporean Hokkien..,9,26,14,Grains/Cereals
StockReport_2016-11.pdf,2016-11,Tunnbröd,25,61,9,Grains/Cereals
StockReport_2016-11.pdf,2016-11,Wimmers gute..,35,22,33.25,Meat/Poultry
StockReport_2016-11.pdf,2016-11,Alice Mutton,36,0,39,Meat/Poultry
StockReport_2016-11.pdf,2016-11,Pâté chinois,12,115,24,Meat/Poultry
StockReport_2016-11.pdf,2016-11,Thüringer Rostbratwurst,39,0,123.79,Meat/Poultry
StockReport_2016-11.pdf,2016-11,Tourtière,114,21,7.45,Produce
StockReport_2016-12.pdf,2016-12,Beverages,Chai,15,39,18
StockReport_2016-12.pdf,2016-12,Beverages,Chang,25,17,19
StockReport_2016-12.pdf,2016-12,Beverages,Chartreuse verte,20,69,18
StockReport_2016-12.pdf,2016-12,Beverages,Côte de Blaye,40,17,263.5
StockReport_2016-12.pdf,2016-12,Beverages,Guaraná Fantástica,30,20,4.5
StockReport_2016-12.pdf,2016-12,Beverages,Lakkalikööri,35,57,18
StockReport_2016-12.pdf,2016-12,Beverages,Outback Lager,60,15,15
StockReport_2016-12.pdf,2016-12,Beverages,Sasquatch Ale,10,111,14
StockReport_2016-12.pdf,2016-12,Beverages,Steeleye Stout,70,20,18
StockReport_2016-12.pdf,2016-12,Condiments,Chef Anton's Gumbo Mix,32,0,21.35
StockReport_2016-12.pdf,2016-12,Condiments,Louisiana Fiery Hot..,20,76,21.05
StockReport_2016-12.pdf,2016-12,Condiments,Original Frankfurter..,14,32,13
StockReport_2016-12.pdf,2016-12,Condiments,Vegie-spread,16,24,43.9
StockReport_2016-12.pdf,2016-12,Confections,Gumbär Gummibärchen,70,15,31.23
StockReport_2016-12.pdf,2016-12,Confections,NuNuCa Nuß-Nougat-Creme7,76,14,Confections
StockReport_2016-12.pdf,2016-12,Scottish Longbreads,68,6,12.5,Confections
StockReport_2016-12.pdf,2016-12,Sir Rodney's Marmalade,40,40,81,Confections
StockReport_2016-12.pdf,2016-12,Sir Rodney's Scones,10,3,10,Confections
StockReport_2016-12.pdf,2016-12,Tarte au sucre,30,17,49.3,Confections
StockReport_2016-12.pdf,2016-12,Valkoinen suklaa,15,65,16.25,Dairy Products
StockReport_2016-12.pdf,2016-12,Camembert Pierrot,111,19,34,Dairy Products
StockReport_2016-12.pdf,2016-12,Flotemysost,161,26,21.5,Dairy Products
StockReport_2016-12.pdf,2016-12,Geitost,60,112,2.5,Dairy Products
StockReport_2016-12.pdf,2016-12,Gorgonzola Telino,164,0,12.5,Dairy Products
StockReport_2016-12.pdf,2016-12,Gudbrandsdalsost,58,26,36,Dairy Products
StockReport_2016-12.pdf,2016-12,Mozzarella di Giovanni,87,14,34.8,Dairy Products
StockReport_2016-12.pdf,2016-12,Raclette Courdavault,12,79,55,Grains/Cereals
StockReport_2016-12.pdf,2016-12,Filo Mix,20,38,7,Grains/Cereals
StockReport_2016-12.pdf,2016-12,Gnocchi di nonna Alice,38,21,38,Grains/Cereals
StockReport_2016-12.pdf,2016-12,Tunnbröd,40,61,9,Grains/Cereals
StockReport_2016-12.pdf,2016-12,Wimmers gute..,30,22,33.25,Meat/Poultry
StockReport_2016-12.pdf,2016-12,Perth Pasties,130,0,32.8,Meat/Poultry
StockReport_2016-12.pdf,2016-12,Pâté chinois,135,115,24,Meat/Poultry
StockReport_2017-01.pdf,2017-01,Beverages,Chai,34,39,18
StockReport_2017-01.pdf,2017-01,Beverages,Chang,60,17,19
StockReport_2017-01.pdf,2017-01,Beverages,Côte de Blaye,99,17,263.5
StockReport_2017-01.pdf,2017-01,Beverages,Lakkalikööri,34,57,18
StockReport_2017-01.pdf,2017-01,Beverages,Outback Lager,8,15,15
StockReport_2017-01.pdf,2017-01,Beverages,Steeleye Stout,95,20,18
StockReport_2017-01.pdf,2017-01,Condiments,Aniseed Syrup,50,13,10
StockReport_2017-01.pdf,2017-01,Condiments,Gula Malacca,40,27,19.45
StockReport_2017-01.pdf,2017-01,Condiments,Louisiana Fiery Hot..,20,76,21.05
StockReport_2017-01.pdf,2017-01,Condiments,Original Frankfurter..,45,32,13
StockReport_2017-01.pdf,2017-01,Condiments,Sirop d'érable,16,113,28.5
StockReport_2017-01.pdf,2017-01,Condiments,Vegie-spread,100,24,43.9
StockReport_2017-01.pdf,2017-01,Confections,Chocolade,70,15,12.75
StockReport_2017-01.pdf,2017-01,Confections,Gumbär Gummibärchen,72,15,31.23
StockReport_2017-01.pdf,2017-01,Confections,Maxilaku,60,10,20
StockReport_2017-01.pdf,2017-01,Confections,Pavlova,21,29,17.45
StockReport_2017-01.pdf,2017-01,Confections,Scottish Longbreads,66,6,12.5
StockReport_2017-01.pdf,2017-01,Confections,Sir Rodney's Scones,92,3,10
StockReport_2017-01.pdf,2017-01,Confections,Tarte au sucre,75,17,49.3
StockReport_2017-01.pdf,2017-01,Confections,Teatime Chocolate..,42,25,9.2
StockReport_2017-01.pdf,2017-01,Confections,Valkoinen suklaa,40,65,16.25
StockReport_2017-01.pdf,2017-01,Confections,Zaanse koeken,85,36,9.5
StockReport_2017-01.pdf,2017-01,Dairy Products,Camembert Pierrot,60,19,34
StockReport_2017-01.pdf,2017-01,Dairy Products,Flotemysost,75,26,21.5
StockReport_2017-01.pdf,2017-01,Dairy Products,Geitost,119,112,2.5
StockReport_2017-01.pdf,2017-01,Dairy Products,Gorgonzola Telino,14,0,12.5
StockReport_2017-01.pdf,2017-01,Dairy Products,Gudbrandsdalsost,35,26,36
StockReport_2017-01.pdf,2017-01,Dairy Products,Queso Cabrales,30,22,21
StockReport_2017-01.pdf,2017-01,Dairy Products,Raclette Courdavault,115,79,55
StockReport_2017-01.pdf,2017-01,Grains/Cereals,Gnocchi di nonna Alice,105,21,38
StockReport_2017-01.pdf,2017-01,Grains/Cereals,Ravioli Angelo,20,36,19.5
StockReport_2017-01.pdf,2017-01,Grains/Cereals,Singaporean Hokkien..,40,26,14
StockReport_2017-01.pdf,2017-01,Grains/Cereals,Tunnbröd,60,61,9
StockReport_2017-01.pdf,2017-01,Grains/Cereals,Wimmers gute..,7,22,33.25
StockReport_2017-02.pdf,2017-02,Beverages,Chang,55,17,19
StockReport_2017-02.pdf,2017-02,Beverages,Chartreuse verte,26,69,18
StockReport_2017-02.pdf,2017-02,Beverages,Guaraná Fantástica,20,20,4.5
StockReport_2017-02.pdf,2017-02,Beverages,Ipoh Coffee,20,17,46
StockReport_2017-02.pdf,2017-02,Beverages,Lakkalikööri,18,57,18
StockReport_2017-02.pdf,2017-02,Beverages,Outback Lager,25,15,15
StockReport_2017-02.pdf,2017-02,Beverages,Rhönbräu Klosterbier,28,125,7.75
StockReport_2017-02.pdf,2017-02,Beverages,Sasquatch Ale,20,111,14
StockReport_2017-02.pdf,2017-02,Beverages,Steeleye Stout,8,20,18
StockReport_2017-02.pdf,2017-02,Condiments,Gula Malacca,100,27,19.45
StockReport_2017-02.pdf,2017-02,Condiments,Louisiana Fiery Hot..,63,76,21.05
StockReport_2017-02.pdf,2017-02,Condiments,Louisiana Hot Spiced..,60,4,17
StockReport_2017-02.pdf,2017-02,Condiments,Original Frankfurter..,55,32,13
StockReport_2017-02.pdf,2017-02,Condiments,Sirop d'érable,115,113,28.5
StockReport_2017-02.pdf,2017-02,Confections,Chocolade,15,15,12.75
StockReport_2017-02.pdf,2017-02,Confections,Gumbär Gummibärchen,51,15,31.23
StockReport_2017-02.pdf,2017-02,Confections,Maxilaku,21,10,20
StockReport_2017-02.pdf,2017-02,Confections,Pavlova,85,29,17.45
StockReport_2017-02.pdf,2017-02,Confections,Schoggi Schokolade,50,49,43.9
StockReport_2017-02.pdf,2017-02,Confections,Scottish Longbreads,21,6,12.5
StockReport_2017-02.pdf,2017-02,Confections,Sir Rodney's Scones,80,3,10
StockReport_2017-02.pdf,2017-02,Confections,Tarte au sucre,35,17,49.3
StockReport_2017-02.pdf,2017-02,Confections,Teatime Chocolate..,67,25,9.2
StockReport_2017-02.pdf,2017-02,Dairy Products,Flotemysost,82,26,21.5
StockReport_2017-02.pdf,2017-02,Dairy Products,Geitost,20,112,2.5
StockReport_2017-02.pdf,2017-02,Dairy Products,Gorgonzola Telino,3,0,12.5
StockReport_2017-02.pdf,2017-02,Dairy Products,Mozzarella di Giovanni,50,14,34.8
StockReport_2017-02.pdf,2017-02,Dairy Products,Queso Cabrales,42,22,21
StockReport_2017-02.pdf,2017-02,Dairy Products,Queso Manchego La..,15,86,38
StockReport_2017-02.pdf,2017-02,Dairy Products,Raclette Courdavault,36,79,55
StockReport_2017-02.pdf,2017-02,Grains/Cereals,Filo Mix,35,38,7
StockReport_2017-02.pdf,2017-02,Grains/Cereals,Gnocchi di nonna Alice,83,21,38
StockReport_2017-02.pdf,2017-02,Grains/Cereals,Gustaf's Knäckebröd,12,104,21
StockReport_2017-02.pdf,2017-02,Grains/Cereals,Ravioli Angelo,15,36,19.5
StockReport_2017-03.pdf,2017-03,Beverages,Chai,15,39,18
StockReport_2017-03.pdf,2017-03,Beverages,Chang,60,17,19
StockReport_2017-03.pdf,2017-03,Beverages,Chartreuse verte,20,69,18
StockReport_2017-03.pdf,2017-03,Beverages,Côte de Blaye,30,17,263.5
StockReport_2017-03.pdf,2017-03,Beverages,Guaraná Fantástica,133,20,4.5
StockReport_2017-03.pdf,2017-03,Beverages,Ipoh Coffee,18,17,46
StockReport_2017-03.pdf,2017-03,Beverages,Lakkalikööri,42,57,18
StockReport_2017-03.pdf,2017-03,Beverages,Outback Lager,72,15,15
StockReport_2017-03.pdf,2017-03,Beverages,Rhönbräu Klosterbier,46,125,7.75
StockReport_2017-03.pdf,2017-03,Beverages,Sasquatch Ale,35,111,14
StockReport_2017-03.pdf,2017-03,Condiments,Aniseed Syrup,20,13,10
StockReport_2017-03.pdf,2017-03,Condiments,Chef Anton's Cajun..,16,53,22
StockReport_2017-03.pdf,2017-03,Condiments,Gula Malacca,17,27,19.45
StockReport_2017-03.pdf,2017-03,Condiments,Louisiana Hot Spiced..,60,4,17
StockReport_2017-03.pdf,2017-03,Condiments,Original Frankfurter..,37,32,13
StockReport_2017-03.pdf,2017-03,Confections,Gumbär Gummibärchen,30,15,31.23
StockReport_2017-03.pdf,2017-03,Confections,Maxilaku,24,10,20
StockReport_2017-03.pdf,2017-03,Confections,NuNuCa Nuß-Nougat-Creme12,76,14,Confections
StockReport_2017-03.pdf,2017-03,Pavlova,53,29,17.45,Confections
StockReport_2017-03.pdf,2017-03,Scottish Longbreads,30,6,12.5,Confections
StockReport_2017-03.pdf,2017-03,Sir Rodney's Scones,35,3,10,Confections
StockReport_2017-03.pdf,2017-03,Teatime Chocolate..,26,25,9.2,Confections
StockReport_2017-03.pdf,2017-03,Valkoinen suklaa,25,65,16.25,Confections
StockReport_2017-03.pdf,2017-03,Zaanse koeken,30,36,9.5,Dairy Products
StockReport_2017-03.pdf,2017-03,Camembert Pierrot,60,19,34,Dairy Products
StockReport_2017-03.pdf,2017-03,Flotemysost,12,26,21.5,Dairy Products
StockReport_2017-03.pdf,2017-03,Geitost,12,112,2.5,Dairy Products
StockReport_2017-03.pdf,2017-03,Gorgonzola Telino,35,0,12.5,Dairy Products
StockReport_2017-03.pdf,2017-03,Queso Cabrales,30,22,21,Dairy Products
StockReport_2017-03.pdf,2017-03,Raclette Courdavault,162,79,55,Grains/Cereals
StockReport_2017-03.pdf,2017-03,Gnocchi di nonna Alice,50,21,38,Grains/Cereals
StockReport_2017-03.pdf,2017-03,Singaporean Hokkien..,50,26,14,Grains/Cereals
StockReport_2017-03.pdf,2017-03,Tunnbröd,36,61,9,Grains/Cereals
StockReport_2017-04.pdf,2017-04,Beverages,Chai,40,39,18
StockReport_2017-04.pdf,2017-04,Beverages,Chang,12,17,19
StockReport_2017-04.pdf,2017-04,Beverages,Chartreuse verte,10,69,18
StockReport_2017-04.pdf,2017-04,Beverages,Côte de Blaye,15,17,263.5
StockReport_2017-04.pdf,2017-04,Beverages,Guaraná Fantástica,37,20,4.5
StockReport_2017-04.pdf,2017-04,Beverages,Ipoh Coffee,15,17,46
StockReport_2017-04.pdf,2017-04,Beverages,Laughing Lumberjack..,30,52,14
StockReport_2017-04.pdf,2017-04,Beverages,Outback Lager,20,15,15
StockReport_2017-04.pdf,2017-04,Beverages,Rhönbräu Klosterbier,86,125,7.75
StockReport_2017-04.pdf,2017-04,Beverages,Steeleye Stout,3,20,18
StockReport_2017-04.pdf,2017-04,Condiments,Chef Anton's Cajun..,50,53,22
StockReport_2017-04.pdf,2017-04,Condiments,Genen Shouyu,12,39,15.5
StockReport_2017-04.pdf,2017-04,Condiments,Gula Malacca,9,27,19.45
StockReport_2017-04.pdf,2017-04,Condiments,Louisiana Fiery Hot..,74,76,21.05
StockReport_2017-04.pdf,2017-04,Condiments,Louisiana Hot Spiced..,10,4,17
StockReport_2017-04.pdf,2017-04,Condiments,Northwoods Cranberry..,34,6,40
StockReport_2017-04.pdf,2017-04,Condiments,Original Frankfurter..,30,32,13
StockReport_2017-04.pdf,2017-04,Condiments,Sirop d'érable,40,113,28.5
StockReport_2017-04.pdf,2017-04,Confections,Chocolade,15,15,12.75
StockReport_2017-04.pdf,2017-04,Confections,Maxilaku,25,10,20
StockReport_2017-04.pdf,2017-04,Confections,NuNuCa Nuß-Nougat-Creme78,76,14,Confections
StockReport_2017-04.pdf,2017-04,Pavlova,50,29,17.45,Confections
StockReport_2017-04.pdf,2017-04,Schoggi Schokolade,120,49,43.9,Confections
StockReport_2017-04.pdf,2017-04,Scottish Longbreads,6,6,12.5,Confections
StockReport_2017-04.pdf,2017-04,Sir Rodney's Marmalade,39,40,81,Confections
StockReport_2017-04.pdf,2017-04,Sir Rodney's Scones,52,3,10,Confections
StockReport_2017-04.pdf,2017-04,Tarte au sucre,3,17,49.3,Confections
StockReport_2017-04.pdf,2017-04,Zaanse koeken,6,36,9.5,Dairy Products
StockReport_2017-04.pdf,2017-04,Camembert Pierrot,106,19,34,Dairy Products
StockReport_2017-04.pdf,2017-04,Geitost,16,112,2.5,Dairy Products
StockReport_2017-04.pdf,2017-04,Gorgonzola Telino,20,0,12.5,Dairy Products
StockReport_2017-04.pdf,2017-04,Gudbrandsdalsost,10,26,36,Dairy Products
StockReport_2017-04.pdf,2017-04,Mascarpone Fabioli,50,9,32,Dairy Products
StockReport_2017-05.pdf,2017-05,Beverages,Chai,8,39,18
StockReport_2017-05.pdf,2017-05,Beverages,Côte de Blaye,34,17,263.5
StockReport_2017-05.pdf,2017-05,Beverages,Guaraná Fantástica,35,20,4.5
StockReport_2017-05.pdf,2017-05,Beverages,Ipoh Coffee,85,17,46
StockReport_2017-05.pdf,2017-05,Beverages,Lakkalikööri,50,57,18
StockReport_2017-05.pdf,2017-05,Beverages,Laughing Lumberjack..,7,52,14
StockReport_2017-05.pdf,2017-05,Beverages,Outback Lager,7,15,15
StockReport_2017-05.pdf,2017-05,Beverages,Rhönbräu Klosterbier,30,125,7.75
StockReport_2017-05.pdf,2017-05,Beverages,Sasquatch Ale,10,111,14
StockReport_2017-05.pdf,2017-05,Beverages,Steeleye Stout,56,20,18
StockReport_2017-05.pdf,2017-05,Condiments,Aniseed Syrup,60,13,10
StockReport_2017-05.pdf,2017-05,Condiments,Chef Anton's Cajun..,100,53,22
StockReport_2017-05.pdf,2017-05,Condiments,Gula Malacca,40,27,19.45
StockReport_2017-05.pdf,2017-05,Condiments,Louisiana Fiery Hot..,36,76,21.05
StockReport_2017-05.pdf,2017-05,Condiments,Louisiana Hot Spiced..,24,4,17
StockReport_2017-05.pdf,2017-05,Condiments,Original Frankfurter..,10,32,13
StockReport_2017-05.pdf,2017-05,Condiments,Sirop d'érable,30,113,28.5
StockReport_2017-05.pdf,2017-05,Confections,Gumbär Gummibärchen,40,15,31.23
StockReport_2017-05.pdf,2017-05,Confections,Maxilaku,6,10,20
StockReport_2017-05.pdf,2017-05,Confections,Pavlova,84,29,17.45
StockReport_2017-05.pdf,2017-05,Confections,Scottish Longbreads,55,6,12.5
StockReport_2017-05.pdf,2017-05,Confections,Sir Rodney's Marmalade,15,40,81
StockReport_2017-05.pdf,2017-05,Confections,Sir Rodney's Scones,21,3,10
StockReport_2017-05.pdf,2017-05,Confections,Tarte au sucre,60,17,49.3
StockReport_2017-05.pdf,2017-05,Confections,Teatime Chocolate..,10,25,9.2
StockReport_2017-05.pdf,2017-05,Dairy Products,Camembert Pierrot,35,19,34
StockReport_2017-05.pdf,2017-05,Dairy Products,Flotemysost,9,26,21.5
StockReport_2017-05.pdf,2017-05,Dairy Products,Geitost,53,112,2.5
StockReport_2017-05.pdf,2017-05,Dairy Products,Gorgonzola Telino,135,0,12.5
StockReport_2017-05.pdf,2017-05,Dairy Products,Gudbrandsdalsost,28,26,36
StockReport_2017-05.pdf,2017-05,Dairy Products,Mascarpone Fabioli,24,9,32
StockReport_2017-05.pdf,2017-05,Dairy Products,Mozzarella di Giovanni,55,14,34.8
StockReport_2017-05.pdf,2017-05,Dairy Products,Queso Cabrales,93,22,21
StockReport_2017-05.pdf,2017-05,Dairy Products,Queso Manchego La..,45,86,38
StockReport_2017-06.pdf,2017-06,Beverages,Chai,10,39,18
StockReport_2017-06.pdf,2017-06,Beverages,Chartreuse verte,10,69,18
StockReport_2017-06.pdf,2017-06,Beverages,Guaraná Fantástica,43,20,4.5
StockReport_2017-06.pdf,2017-06,Beverages,Lakkalikööri,64,57,18
StockReport_2017-06.pdf,2017-06,Beverages,Rhönbräu Klosterbier,126,125,7.75
StockReport_2017-06.pdf,2017-06,Beverages,Sasquatch Ale,40,111,14
StockReport_2017-06.pdf,2017-06,Beverages,Steeleye Stout,20,20,18
StockReport_2017-06.pdf,2017-06,Condiments,Genen Shouyu,10,39,15.5
StockReport_2017-06.pdf,2017-06,Condiments,Gula Malacca,31,27,19.45
StockReport_2017-06.pdf,2017-06,Condiments,Louisiana Fiery Hot..,30,76,21.05
StockReport_2017-06.pdf,2017-06,Condiments,Original Frankfurter..,18,32,13
StockReport_2017-06.pdf,2017-06,Condiments,Vegie-spread,6,24,43.9
StockReport_2017-06.pdf,2017-06,Confections,Pavlova,12,29,17.45
StockReport_2017-06.pdf,2017-06,Confections,Tarte au sucre,35,17,49.3
StockReport_2017-06.pdf,2017-06,Confections,Teatime Chocolate..,35,25,9.2
StockReport_2017-06.pdf,2017-06,Confections,Zaanse koeken,25,36,9.5
StockReport_2017-06.pdf,2017-06,Dairy Products,Camembert Pierrot,24,19,34
StockReport_2017-06.pdf,2017-06,Dairy Products,Geitost,34,112,2.5
StockReport_2017-06.pdf,2017-06,Dairy Products,Gorgonzola Telino,171,0,12.5
StockReport_2017-06.pdf,2017-06,Dairy Products,Gudbrandsdalsost,10,26,36
StockReport_2017-06.pdf,2017-06,Dairy Products,Mascarpone Fabioli,10,9,32
StockReport_2017-06.pdf,2017-06,Dairy Products,Mozzarella di Giovanni,54,14,34.8
StockReport_2017-06.pdf,2017-06,Dairy Products,Queso Cabrales,50,22,21
StockReport_2017-06.pdf,2017-06,Dairy Products,Raclette Courdavault,52,79,55
StockReport_2017-06.pdf,2017-06,Grains/Cereals,Filo Mix,100,38,7
StockReport_2017-06.pdf,2017-06,Grains/Cereals,Gnocchi di nonna Alice,100,21,38
StockReport_2017-06.pdf,2017-06,Grains/Cereals,Ravioli Angelo,10,36,19.5
StockReport_2017-06.pdf,2017-06,Grains/Cereals,Singaporean Hokkien..,28,26,14
StockReport_2017-06.pdf,2017-06,Grains/Cereals,Wimmers gute..,54,22,33.25
StockReport_2017-06.pdf,2017-06,Meat/Poultry,Alice Mutton,34,0,39
StockReport_2017-06.pdf,2017-06,Meat/Poultry,Perth Pasties,43,0,32.8
StockReport_2017-06.pdf,2017-06,Meat/Poultry,Pâté chinois,43,115,24
StockReport_2017-06.pdf,2017-06,Meat/Poultry,Thüringer Rostbratwurst,10,0,123.79
StockReport_2017-06.pdf,2017-06,Produce,Manjimup Dried Apples,93,20,53
StockReport_2017-07.pdf,2017-07,Beverages,Chai,29,39,18
StockReport_2017-07.pdf,2017-07,Beverages,Chang,10,17,19
StockReport_2017-07.pdf,2017-07,Beverages,Chartreuse verte,5,69,18
StockReport_2017-07.pdf,2017-07,Beverages,Côte de Blaye,15,17,263.5
StockReport_2017-07.pdf,2017-07,Beverages,Guaraná Fantástica,35,20,4.5
StockReport_2017-07.pdf,2017-07,Beverages,Lakkalikööri,94,57,18
StockReport_2017-07.pdf,2017-07,Beverages,Outback Lager,15,15,15
StockReport_2017-07.pdf,2017-07,Beverages,Rhönbräu Klosterbier,70,125,7.75
StockReport_2017-07.pdf,2017-07,Beverages,Steeleye Stout,54,20,18
StockReport_2017-07.pdf,2017-07,Condiments,Aniseed Syrup,14,13,10
StockReport_2017-07.pdf,2017-07,Condiments,Chef Anton's Cajun..,20,53,22
StockReport_2017-07.pdf,2017-07,Condiments,Genen Shouyu,25,39,15.5
StockReport_2017-07.pdf,2017-07,Condiments,Louisiana Fiery Hot..,12,76,21.05
StockReport_2017-07.pdf,2017-07,Condiments,Original Frankfurter..,85,32,13
StockReport_2017-07.pdf,2017-07,Condiments,Sirop d'érable,120,113,28.5
StockReport_2017-07.pdf,2017-07,Condiments,Vegie-spread,24,24,43.9
StockReport_2017-07.pdf,2017-07,Confections,Chocolade,6,15,12.75
StockReport_2017-07.pdf,2017-07,Confections,Gumbär Gummibärchen,11,15,31.23
StockReport_2017-07.pdf,2017-07,Confections,Maxilaku,43,10,20
StockReport_2017-07.pdf,2017-07,Confections,Pavlova,30,29,17.45
StockReport_2017-07.pdf,2017-07,Confections,Schoggi Schokolade,50,49,43.9
StockReport_2017-07.pdf,2017-07,Confections,Sir Rodney's Marmalade,21,40,81
StockReport_2017-07.pdf,2017-07,Confections,Sir Rodney's Scones,14,3,10
StockReport_2017-07.pdf,2017-07,Confections,Tarte au sucre,20,17,49.3
StockReport_2017-07.pdf,2017-07,Confections,Zaanse koeken,15,36,9.5
StockReport_2017-07.pdf,2017-07,Dairy Products,Camembert Pierrot,125,19,34
StockReport_2017-07.pdf,2017-07,Dairy Products,Flotemysost,39,26,21.5
StockReport_2017-07.pdf,2017-07,Dairy Products,Geitost,14,112,2.5
StockReport_2017-07.pdf,2017-07,Dairy Products,Gudbrandsdalsost,85,26,36
StockReport_2017-07.pdf,2017-07,Dairy Products,Mozzarella di Giovanni,12,14,34.8
StockReport_2017-07.pdf,2017-07,Dairy Products,Queso Cabrales,14,22,21
StockReport_2017-07.pdf,2017-07,Dairy Products,Raclette Courdavault,85,79,55
StockReport_2017-07.pdf,2017-07,Grains/Cereals,Filo Mix,28,38,7
StockReport_2017-07.pdf,2017-07,Grains/Cereals,Gnocchi di nonna Alice,47,21,38
StockReport_2017-08.pdf,2017-08,Beverages,Chai,40,39,18
StockReport_2017-08.pdf,2017-08,Beverages,Chang,100,17,19
StockReport_2017-08.pdf,2017-08,Beverages,Chartreuse verte,41,69,18
StockReport_2017-08.pdf,2017-08,Beverages,Guaraná Fantástica,23,20,4.5
StockReport_2017-08.pdf,2017-08,Beverages,Ipoh Coffee,20,17,46
StockReport_2017-08.pdf,2017-08,Beverages,Lakkalikööri,35,57,18
StockReport_2017-08.pdf,2017-08,Beverages,Outback Lager,35,15,15
StockReport_2017-08.pdf,2017-08,Beverages,Rhönbräu Klosterbier,10,125,7.75
StockReport_2017-08.pdf,2017-08,Beverages,Steeleye Stout,30,20,18
StockReport_2017-08.pdf,2017-08,Condiments,Chef Anton's Cajun..,35,53,22
StockReport_2017-08.pdf,2017-08,Condiments,Chef Anton's Gumbo Mix,15,0,21.35
StockReport_2017-08.pdf,2017-08,Condiments,Grandma's Boysenberry..,70,120,25
StockReport_2017-08.pdf,2017-08,Condiments,Gula Malacca,10,27,19.45
StockReport_2017-08.pdf,2017-08,Condiments,Louisiana Fiery Hot..,21,76,21.05
StockReport_2017-08.pdf,2017-08,Condiments,Original Frankfurter..,35,32,13
StockReport_2017-08.pdf,2017-08,Condiments,Sirop d'érable,20,113,28.5
StockReport_2017-08.pdf,2017-08,Confections,Gumbär Gummibärchen,35,15,31.23
StockReport_2017-08.pdf,2017-08,Confections,Scottish Longbreads,33,6,12.5
StockReport_2017-08.pdf,2017-08,Confections,Sir Rodney's Scones,97,3,10
StockReport_2017-08.pdf,2017-08,Confections,Tarte au sucre,95,17,49.3
StockReport_2017-08.pdf,2017-08,Confections,Teatime Chocolate..,50,25,9.2
StockReport_2017-08.pdf,2017-08,Confections,Valkoinen suklaa,25,65,16.25
StockReport_2017-08.pdf,2017-08,Dairy Products,Camembert Pierrot,30,19,34
StockReport_2017-08.pdf,2017-08,Dairy Products,Flotemysost,65,26,21.5
StockReport_2017-08.pdf,2017-08,Dairy Products,Geitost,20,112,2.5
StockReport_2017-08.pdf,2017-08,Dairy Products,Gudbrandsdalsost,20,26,36
StockReport_2017-08.pdf,2017-08,Dairy Products,Mozzarella di Giovanni,75,14,34.8
StockReport_2017-08.pdf,2017-08,Dairy Products,Queso Cabrales,10,22,21
StockReport_2017-08.pdf,2017-08,Dairy Products,Queso Manchego La..,36,86,38
StockReport_2017-08.pdf,2017-08,Grains/Cereals,Filo Mix,5,38,7
StockReport_2017-08.pdf,2017-08,Grains/Cereals,Gnocchi di nonna Alice,80,21,38
StockReport_2017-08.pdf,2017-08,Grains/Cereals,Gustaf's Knäckebröd,95,104,21
StockReport_2017-08.pdf,2017-08,Grains/Cereals,Singaporean Hokkien..,5,26,14
StockReport_2017-08.pdf,2017-08,Grains/Cereals,Tunnbröd,10,61,9
StockReport_2017-09.pdf,2017-09,Beverages,Chartreuse verte,23,69,18
StockReport_2017-09.pdf,2017-09,Beverages,Côte de Blaye,15,17,263.5
StockReport_2017-09.pdf,2017-09,Beverages,Ipoh Coffee,6,17,46
StockReport_2017-09.pdf,2017-09,Beverages,Lakkalikööri,10,57,18
StockReport_2017-09.pdf,2017-09,Beverages,Laughing Lumberjack..,25,52,14
StockReport_2017-09.pdf,2017-09,Beverages,Outback Lager,40,15,15
StockReport_2017-09.pdf,2017-09,Beverages,Rhönbräu Klosterbier,55,125,7.75
StockReport_2017-09.pdf,2017-09,Condiments,Chef Anton's Cajun..,12,53,22
StockReport_2017-09.pdf,2017-09,Condiments,Genen Shouyu,50,39,15.5
StockReport_2017-09.pdf,2017-09,Condiments,Gula Malacca,49,27,19.45
StockReport_2017-09.pdf,2017-09,Condiments,Louisiana Fiery Hot..,37,76,21.05
StockReport_2017-09.pdf,2017-09,Condiments,Louisiana Hot Spiced..,4,4,17
StockReport_2017-09.pdf,2017-09,Condiments,Original Frankfurter..,70,32,13
StockReport_2017-09.pdf,2017-09,Confections,Gumbär Gummibärchen,45,15,31.23
StockReport_2017-09.pdf,2017-09,Confections,Pavlova,93,29,17.45
StockReport_2017-09.pdf,2017-09,Confections,Scottish Longbreads,10,6,12.5
StockReport_2017-09.pdf,2017-09,Confections,Sir Rodney's Marmalade,21,40,81
StockReport_2017-09.pdf,2017-09,Confections,Sir Rodney's Scones,72,3,10
StockReport_2017-09.pdf,2017-09,Confections,Tarte au sucre,10,17,49.3
StockReport_2017-09.pdf,2017-09,Confections,Teatime Chocolate..,49,25,9.2
StockReport_2017-09.pdf,2017-09,Confections,Zaanse koeken,71,36,9.5
StockReport_2017-09.pdf,2017-09,Dairy Products,Camembert Pierrot,135,19,34
StockReport_2017-09.pdf,2017-09,Dairy Products,Flotemysost,26,26,21.5
StockReport_2017-09.pdf,2017-09,Dairy Products,Geitost,68,112,2.5
StockReport_2017-09.pdf,2017-09,Dairy Products,Gorgonzola Telino,48,0,12.5
StockReport_2017-09.pdf,2017-09,Dairy Products,Gudbrandsdalsost,45,26,36
StockReport_2017-09.pdf,2017-09,Dairy Products,Queso Manchego La..,100,86,38
StockReport_2017-09.pdf,2017-09,Dairy Products,Raclette Courdavault,13,79,55
StockReport_2017-09.pdf,2017-09,Grains/Cereals,Filo Mix,9,38,7
StockReport_2017-09.pdf,2017-09,Grains/Cereals,Gnocchi di nonna Alice,57,21,38
StockReport_2017-09.pdf,2017-09,Grains/Cereals,Gustaf's Knäckebröd,20,104,21
StockReport_2017-09.pdf,2017-09,Grains/Cereals,Singaporean Hokkien..,96,26,14
StockReport_2017-09.pdf,2017-09,Grains/Cereals,Tunnbröd,37,61,9
StockReport_2017-09.pdf,2017-09,Grains/Cereals,Wimmers gute..,43,22,33.25
StockReport_2017-10.pdf,2017-10,Beverages,Chai,70,39,18
StockReport_2017-10.pdf,2017-10,Beverages,Chang,38,17,19
StockReport_2017-10.pdf,2017-10,Beverages,Guaraná Fantástica,55,20,4.5
StockReport_2017-10.pdf,2017-10,Beverages,Ipoh Coffee,64,17,46
StockReport_2017-10.pdf,2017-10,Beverages,Lakkalikööri,50,57,18
StockReport_2017-10.pdf,2017-10,Beverages,Outback Lager,116,15,15
StockReport_2017-10.pdf,2017-10,Beverages,Rhönbräu Klosterbier,42,125,7.75
StockReport_2017-10.pdf,2017-10,Beverages,Sasquatch Ale,26,111,14
StockReport_2017-10.pdf,2017-10,Beverages,Steeleye Stout,30,20,18
StockReport_2017-10.pdf,2017-10,Condiments,Aniseed Syrup,6,13,10
StockReport_2017-10.pdf,2017-10,Condiments,Chef Anton's Cajun..,6,53,22
StockReport_2017-10.pdf,2017-10,Condiments,Chef Anton's Gumbo Mix,4,0,21.35
StockReport_2017-10.pdf,2017-10,Condiments,Gula Malacca,74,27,19.45
StockReport_2017-10.pdf,2017-10,Condiments,Louisiana Fiery Hot..,65,76,21.05
StockReport_2017-10.pdf,2017-10,Condiments,Northwoods Cranberry..,50,6,40
StockReport_2017-10.pdf,2017-10,Condiments,Original Frankfurter..,30,32,13
StockReport_2017-10.pdf,2017-10,Condiments,Sirop d'érable,15,113,28.5
StockReport_2017-10.pdf,2017-10,Condiments,Vegie-spread,20,24,43.9
StockReport_2017-10.pdf,2017-10,Confections,Chocolade,24,15,12.75
StockReport_2017-10.pdf,2017-10,Confections,Gumbär Gummibärchen,45,15,31.23
StockReport_2017-10.pdf,2017-10,Confections,Pavlova,40,29,17.45
StockReport_2017-10.pdf,2017-10,Confections,Scottish Longbreads,85,6,12.5
StockReport_2017-10.pdf,2017-10,Confections,Sir Rodney's Scones,37,3,10
StockReport_2017-10.pdf,2017-10,Confections,Tarte au sucre,68,17,49.3
StockReport_2017-10.pdf,2017-10,Confections,Teatime Chocolate..,24,25,9.2
StockReport_2017-10.pdf,2017-10,Confections,Zaanse koeken,67,36,9.5
StockReport_2017-10.pdf,2017-10,Dairy Products,Camembert Pierrot,10,19,34
StockReport_2017-10.pdf,2017-10,Dairy Products,Flotemysost,118,26,21.5
StockReport_2017-10.pdf,2017-10,Dairy Products,Gorgonzola Telino,70,0,12.5
StockReport_2017-10.pdf,2017-10,Dairy Products,Gudbrandsdalsost,55,26,36
StockReport_2017-10.pdf,2017-10,Dairy Products,Mascarpone Fabioli,4,9,32
StockReport_2017-10.pdf,2017-10,Dairy Products,Queso Cabrales,15,22,21
StockReport_2017-10.pdf,2017-10,Dairy Products,Queso Manchego La..,40,86,38
StockReport_2017-10.pdf,2017-10,Dairy Products,Raclette Courdavault,110,79,55
StockReport_2017-11.pdf,2017-11,Beverages,Chai,58,39,18
StockReport_2017-11.pdf,2017-11,Beverages,Chang,15,17,19
StockReport_2017-11.pdf,2017-11,Beverages,Lakkalikööri,50,57,18
StockReport_2017-11.pdf,2017-11,Beverages,Outback Lager,40,15,15
StockReport_2017-11.pdf,2017-11,Beverages,Rhönbräu Klosterbier,20,125,7.75
StockReport_2017-11.pdf,2017-11,Beverages,Sasquatch Ale,30,111,14
StockReport_2017-11.pdf,2017-11,Beverages,Steeleye Stout,35,20,18
StockReport_2017-11.pdf,2017-11,Condiments,Aniseed Syrup,20,13,10
StockReport_2017-11.pdf,2017-11,Condiments,Chef Anton's Cajun..,25,53,22
StockReport_2017-11.pdf,2017-11,Condiments,Grandma's Boysenberry..,30,120,25
StockReport_2017-11.pdf,2017-11,Condiments,Gula Malacca,16,27,19.45
StockReport_2017-11.pdf,2017-11,Condiments,Louisiana Fiery Hot..,50,76,21.05
StockReport_2017-11.pdf,2017-11,Condiments,Original Frankfurter..,2,32,13
StockReport_2017-11.pdf,2017-11,Condiments,Sirop d'érable,20,113,28.5
StockReport_2017-11.pdf,2017-11,Condiments,Vegie-spread,9,24,43.9
StockReport_2017-11.pdf,2017-11,Confections,Gumbär Gummibärchen,32,15,31.23
StockReport_2017-11.pdf,2017-11,Confections,Pavlova,18,29,17.45
StockReport_2017-11.pdf,2017-11,Confections,Scottish Longbreads,6,6,12.5
StockReport_2017-11.pdf,2017-11,Confections,Sir Rodney's Scones,70,3,10
StockReport_2017-11.pdf,2017-11,Confections,Tarte au sucre,39,17,49.3
StockReport_2017-11.pdf,2017-11,Confections,Valkoinen suklaa,60,65,16.25
StockReport_2017-11.pdf,2017-11,Confections,Zaanse koeken,30,36,9.5
StockReport_2017-11.pdf,2017-11,Dairy Products,Camembert Pierrot,65,19,34
StockReport_2017-11.pdf,2017-11,Dairy Products,Gorgonzola Telino,11,0,12.5
StockReport_2017-11.pdf,2017-11,Dairy Products,Gudbrandsdalsost,118,26,36
StockReport_2017-11.pdf,2017-11,Dairy Products,Mascarpone Fabioli,10,9,32
StockReport_2017-11.pdf,2017-11,Dairy Products,Mozzarella di Giovanni,42,14,34.8
StockReport_2017-11.pdf,2017-11,Dairy Products,Queso Cabrales,5,22,21
StockReport_2017-11.pdf,2017-11,Dairy Products,Raclette Courdavault,93,79,55
StockReport_2017-11.pdf,2017-11,Grains/Cereals,Filo Mix,103,38,7
StockReport_2017-11.pdf,2017-11,Grains/Cereals,Gnocchi di nonna Alice,97,21,38
StockReport_2017-11.pdf,2017-11,Grains/Cereals,Ravioli Angelo,14,36,19.5
StockReport_2017-11.pdf,2017-11,Grains/Cereals,Singaporean Hokkien..,28,26,14
StockReport_2017-11.pdf,2017-11,Grains/Cereals,Tunnbröd,44,61,9
StockReport_2017-12.pdf,2017-12,Beverages,Chang,85,17,19
StockReport_2017-12.pdf,2017-12,Beverages,Chartreuse verte,148,69,18
StockReport_2017-12.pdf,2017-12,Beverages,Côte de Blaye,15,17,263.5
StockReport_2017-12.pdf,2017-12,Beverages,Guaraná Fantástica,40,20,4.5
StockReport_2017-12.pdf,2017-12,Beverages,Ipoh Coffee,30,17,46
StockReport_2017-12.pdf,2017-12,Beverages,Laughing Lumberjack..,3,52,14
StockReport_2017-12.pdf,2017-12,Beverages,Outback Lager,35,15,15
StockReport_2017-12.pdf,2017-12,Beverages,Rhönbräu Klosterbier,117,125,7.75
StockReport_2017-12.pdf,2017-12,Beverages,Sasquatch Ale,10,111,14
StockReport_2017-12.pdf,2017-12,Beverages,Steeleye Stout,15,20,18
StockReport_2017-12.pdf,2017-12,Condiments,Aniseed Syrup,20,13,10
StockReport_2017-12.pdf,2017-12,Condiments,Gula Malacca,10,27,19.45
StockReport_2017-12.pdf,2017-12,Condiments,Louisiana Fiery Hot..,82,76,21.05
StockReport_2017-12.pdf,2017-12,Condiments,Louisiana Hot Spiced..,50,4,17
StockReport_2017-12.pdf,2017-12,Condiments,Northwoods Cranberry..,30,6,40
StockReport_2017-12.pdf,2017-12,Condiments,Original Frankfurter..,15,32,13
StockReport_2017-12.pdf,2017-12,Condiments,Sirop d'érable,20,113,28.5
StockReport_2017-12.pdf,2017-12,Condiments,Vegie-spread,30,24,43.9
StockReport_2017-12.pdf,2017-12,Confections,Gumbär Gummibärchen,21,15,31.23
StockReport_2017-12.pdf,2017-12,Confections,Maxilaku,4,10,20
StockReport_2017-12.pdf,2017-12,Confections,NuNuCa Nuß-Nougat-Creme62,76,14,Confections
StockReport_2017-12.pdf,2017-12,Pavlova,85,29,17.45,Confections
StockReport_2017-12.pdf,2017-12,Schoggi Schokolade,40,49,43.9,Confections
StockReport_2017-12.pdf,2017-12,Scottish Longbreads,73,6,12.5,Confections
StockReport_2017-12.pdf,2017-12,Sir Rodney's Scones,40,3,10,Confections
StockReport_2017-12.pdf,2017-12,Tarte au sucre,42,17,49.3,Confections
StockReport_2017-12.pdf,2017-12,Teatime Chocolate..,74,25,9.2,Confections
StockReport_2017-12.pdf,2017-12,Zaanse koeken,30,36,9.5,Dairy Products
StockReport_2017-12.pdf,2017-12,Camembert Pierrot,15,19,34,Dairy Products
StockReport_2017-12.pdf,2017-12,Flotemysost,28,26,21.5,Dairy Products
StockReport_2017-12.pdf,2017-12,Gorgonzola Telino,149,0,12.5,Dairy Products
StockReport_2017-12.pdf,2017-12,Gudbrandsdalsost,24,26,36,Dairy Products
StockReport_2017-12.pdf,2017-12,Mozzarella di Giovanni,40,14,34.8,Dairy Products
StockReport_2018-01.pdf,2018-01,Beverages,Chai,84,39,18
StockReport_2018-01.pdf,2018-01,Beverages,Chang,62,17,19
StockReport_2018-01.pdf,2018-01,Beverages,Chartreuse verte,59,69,18
StockReport_2018-01.pdf,2018-01,Beverages,Côte de Blaye,70,17,263.5
StockReport_2018-01.pdf,2018-01,Beverages,Guaraná Fantástica,40,20,4.5
StockReport_2018-01.pdf,2018-01,Beverages,Ipoh Coffee,41,17,46
StockReport_2018-01.pdf,2018-01,Beverages,Lakkalikööri,91,57,18
StockReport_2018-01.pdf,2018-01,Beverages,Outback Lager,96,15,15
StockReport_2018-01.pdf,2018-01,Beverages,Rhönbräu Klosterbier,20,125,7.75
StockReport_2018-01.pdf,2018-01,Beverages,Steeleye Stout,59,20,18
StockReport_2018-01.pdf,2018-01,Condiments,Aniseed Syrup,79,13,10
StockReport_2018-01.pdf,2018-01,Condiments,Chef Anton's Cajun..,21,53,22
StockReport_2018-01.pdf,2018-01,Condiments,Chef Anton's Gumbo Mix,30,0,21.35
StockReport_2018-01.pdf,2018-01,Condiments,Grandma's Boysenberry..,6,120,25
StockReport_2018-01.pdf,2018-01,Condiments,Gula Malacca,16,27,19.45
StockReport_2018-01.pdf,2018-01,Condiments,Louisiana Fiery Hot..,15,76,21.05
StockReport_2018-01.pdf,2018-01,Condiments,Northwoods Cranberry..,20,6,40
StockReport_2018-01.pdf,2018-01,Condiments,Original Frankfurter..,52,32,13
StockReport_2018-01.pdf,2018-01,Condiments,Sirop d'érable,30,113,28.5
StockReport_2018-01.pdf,2018-01,Confections,Chocolade,8,15,12.75
StockReport_2018-01.pdf,2018-01,Confections,Gumbär Gummibärchen,105,15,31.23
StockReport_2018-01.pdf,2018-01,Confections,NuNuCa Nuß-Nougat-Creme51,76,14,Confections
StockReport_2018-01.pdf,2018-01,Pavlova,50,29,17.45,Confections
StockReport_2018-01.pdf,2018-01,Schoggi Schokolade,10,49,43.9,Confections
StockReport_2018-01.pdf,2018-01,Scottish Longbreads,44,6,12.5,Confections
StockReport_2018-01.pdf,2018-01,Sir Rodney's Marmalade,5,40,81,Confections
StockReport_2018-01.pdf,2018-01,Sir Rodney's Scones,40,3,10,Confections
StockReport_2018-01.pdf,2018-01,Tarte au sucre,101,17,49.3,Confections
StockReport_2018-01.pdf,2018-01,Teatime Chocolate..,29,25,9.2,Confections
StockReport_2018-01.pdf,2018-01,Zaanse koeken,40,36,9.5,Dairy Products
StockReport_2018-01.pdf,2018-01,Camembert Pierrot,156,19,34,Dairy Products
StockReport_2018-01.pdf,2018-01,Flotemysost,55,26,21.5,Dairy Products
StockReport_2018-01.pdf,2018-01,Geitost,55,112,2.5,Dairy Products
StockReport_2018-02.pdf,2018-02,Beverages,Chai,90,39,18
StockReport_2018-02.pdf,2018-02,Beverages,Chang,61,17,19
StockReport_2018-02.pdf,2018-02,Beverages,Chartreuse verte,133,69,18
StockReport_2018-02.pdf,2018-02,Beverages,Côte de Blaye,100,17,263.5
StockReport_2018-02.pdf,2018-02,Beverages,Guaraná Fantástica,146,20,4.5
StockReport_2018-02.pdf,2018-02,Beverages,Lakkalikööri,10,57,18
StockReport_2018-02.pdf,2018-02,Beverages,Laughing Lumberjack..,30,52,14
StockReport_2018-02.pdf,2018-02,Beverages,Outback Lager,83,15,15
StockReport_2018-02.pdf,2018-02,Beverages,Rhönbräu Klosterbier,134,125,7.75
StockReport_2018-02.pdf,2018-02,Beverages,Sasquatch Ale,10,111,14
StockReport_2018-02.pdf,2018-02,Beverages,Steeleye Stout,37,20,18
StockReport_2018-02.pdf,2018-02,Condiments,Chef Anton's Cajun..,30,53,22
StockReport_2018-02.pdf,2018-02,Condiments,Grandma's Boysenberry..,50,120,25
StockReport_2018-02.pdf,2018-02,Condiments,Louisiana Fiery Hot..,64,76,21.05
StockReport_2018-02.pdf,2018-02,Condiments,Northwoods Cranberry..,30,6,40
StockReport_2018-02.pdf,2018-02,Condiments,Original Frankfurter..,65,32,13
StockReport_2018-02.pdf,2018-02,Condiments,Sirop d'érable,50,113,28.5
StockReport_2018-02.pdf,2018-02,Confections,Gumbär Gummibärchen,20,15,31.23
StockReport_2018-02.pdf,2018-02,Confections,Maxilaku,87,10,20
StockReport_2018-02.pdf,2018-02,Confections,NuNuCa Nuß-Nougat-Creme5,76,14,Confections
StockReport_2018-02.pdf,2018-02,Pavlova,63,29,17.45,Confections
StockReport_2018-02.pdf,2018-02,Scottish Longbreads,58,6,12.5,Confections
StockReport_2018-02.pdf,2018-02,Sir Rodney's Marmalade,20,40,81,Confections
StockReport_2018-02.pdf,2018-02,Sir Rodney's Scones,60,3,10,Confections
StockReport_2018-02.pdf,2018-02,Tarte au sucre,61,17,49.3,Confections
StockReport_2018-02.pdf,2018-02,Teatime Chocolate..,37,25,9.2,Confections
StockReport_2018-02.pdf,2018-02,Zaanse koeken,21,36,9.5,Dairy Products
StockReport_2018-02.pdf,2018-02,Camembert Pierrot,100,19,34,Dairy Products
StockReport_2018-02.pdf,2018-02,Flotemysost,55,26,21.5,Dairy Products
StockReport_2018-02.pdf,2018-02,Geitost,70,112,2.5,Dairy Products
StockReport_2018-02.pdf,2018-02,Gorgonzola Telino,35,0,12.5,Dairy Products
StockReport_2018-02.pdf,2018-02,Gudbrandsdalsost,50,26,36,Dairy Products
StockReport_2018-02.pdf,2018-02,Mascarpone Fabioli,6,9,32,Dairy Products
StockReport_2018-03.pdf,2018-03,Beverages,Chai,81,39,18
StockReport_2018-03.pdf,2018-03,Beverages,Chang,10,17,19
StockReport_2018-03.pdf,2018-03,Beverages,Chartreuse verte,30,69,18
StockReport_2018-03.pdf,2018-03,Beverages,Côte de Blaye,65,17,263.5
StockReport_2018-03.pdf,2018-03,Beverages,Guaraná Fantástica,200,20,4.5
StockReport_2018-03.pdf,2018-03,Beverages,Ipoh Coffee,49,17,46
StockReport_2018-03.pdf,2018-03,Beverages,Lakkalikööri,139,57,18
StockReport_2018-03.pdf,2018-03,Beverages,Laughing Lumberjack..,64,52,14
StockReport_2018-03.pdf,2018-03,Beverages,Rhönbräu Klosterbier,217,125,7.75
StockReport_2018-03.pdf,2018-03,Beverages,Sasquatch Ale,20,111,14
StockReport_2018-03.pdf,2018-03,Beverages,Steeleye Stout,50,20,18
StockReport_2018-03.pdf,2018-03,Condiments,Chef Anton's Cajun..,5,53,22
StockReport_2018-03.pdf,2018-03,Condiments,Chef Anton's Gumbo Mix,20,0,21.35
StockReport_2018-03.pdf,2018-03,Condiments,Grandma's Boysenberry..,88,120,25
StockReport_2018-03.pdf,2018-03,Condiments,Gula Malacca,24,27,19.45
StockReport_2018-03.pdf,2018-03,Condiments,Northwoods Cranberry..,36,6,40
StockReport_2018-03.pdf,2018-03,Condiments,Original Frankfurter..,70,32,13
StockReport_2018-03.pdf,2018-03,Condiments,Sirop d'érable,30,113,28.5
StockReport_2018-03.pdf,2018-03,Condiments,Vegie-spread,105,24,43.9
StockReport_2018-03.pdf,2018-03,Confections,Gumbär Gummibärchen,5,15,31.23
StockReport_2018-03.pdf,2018-03,Confections,Maxilaku,68,10,20
StockReport_2018-03.pdf,2018-03,Confections,NuNuCa Nuß-Nougat-Creme24,76,14,Confections
StockReport_2018-03.pdf,2018-03,Pavlova,173,29,17.45,Confections
StockReport_2018-03.pdf,2018-03,Schoggi Schokolade,55,49,43.9,Confections
StockReport_2018-03.pdf,2018-03,Scottish Longbreads,80,6,12.5,Confections
StockReport_2018-03.pdf,2018-03,Sir Rodney's Marmalade,70,40,81,Confections
StockReport_2018-03.pdf,2018-03,Sir Rodney's Scones,148,3,10,Confections
StockReport_2018-03.pdf,2018-03,Tarte au sucre,156,17,49.3,Confections
StockReport_2018-03.pdf,2018-03,Teatime Chocolate..,19,25,9.2,Confections
StockReport_2018-03.pdf,2018-03,Valkoinen suklaa,33,65,16.25,Confections
StockReport_2018-03.pdf,2018-03,Zaanse koeken,49,36,9.5,Dairy Products
StockReport_2018-03.pdf,2018-03,Camembert Pierrot,110,19,34,Dairy Products
StockReport_2018-03.pdf,2018-03,Flotemysost,35,26,21.5,Dairy Products
StockReport_2018-04.pdf,2018-04,Beverages,Chai,104,39,18
StockReport_2018-04.pdf,2018-04,Beverages,Chang,201,17,19
StockReport_2018-04.pdf,2018-04,Beverages,Côte de Blaye,25,17,263.5
StockReport_2018-04.pdf,2018-04,Beverages,Guaraná Fantástica,140,20,4.5
StockReport_2018-04.pdf,2018-04,Beverages,Ipoh Coffee,60,17,46
StockReport_2018-04.pdf,2018-04,Beverages,Lakkalikööri,146,57,18
StockReport_2018-04.pdf,2018-04,Beverages,Laughing Lumberjack..,20,52,14
StockReport_2018-04.pdf,2018-04,Beverages,Outback Lager,69,15,15
StockReport_2018-04.pdf,2018-04,Beverages,Rhönbräu Klosterbier,30,125,7.75
StockReport_2018-04.pdf,2018-04,Beverages,Sasquatch Ale,180,111,14
StockReport_2018-04.pdf,2018-04,Beverages,Steeleye Stout,117,20,18
StockReport_2018-04.pdf,2018-04,Condiments,Aniseed Syrup,25,13,10
StockReport_2018-04.pdf,2018-04,Condiments,Chef Anton's Cajun..,25,53,22
StockReport_2018-04.pdf,2018-04,Condiments,Chef Anton's Gumbo Mix,100,0,21.35
StockReport_2018-04.pdf,2018-04,Condiments,Gula Malacca,27,27,19.45
StockReport_2018-04.pdf,2018-04,Condiments,Louisiana Fiery Hot..,21,76,21.05
StockReport_2018-04.pdf,2018-04,Condiments,Northwoods Cranberry..,30,6,40
StockReport_2018-04.pdf,2018-04,Condiments,Original Frankfurter..,79,32,13
StockReport_2018-04.pdf,2018-04,Condiments,Sirop d'érable,97,113,28.5
StockReport_2018-04.pdf,2018-04,Condiments,Vegie-spread,42,24,43.9
StockReport_2018-04.pdf,2018-04,Confections,Gumbär Gummibärchen,81,15,31.23
StockReport_2018-04.pdf,2018-04,Confections,Maxilaku,62,10,20
StockReport_2018-04.pdf,2018-04,Confections,NuNuCa Nuß-Nougat-Creme15,76,14,Confections
StockReport_2018-04.pdf,2018-04,Scottish Longbreads,44,6,12.5,Confections
StockReport_2018-04.pdf,2018-04,Sir Rodney's Marmalade,15,40,81,Confections
StockReport_2018-04.pdf,2018-04,Sir Rodney's Scones,103,3,10,Confections
StockReport_2018-04.pdf,2018-04,Tarte au sucre,33,17,49.3,Confections
StockReport_2018-04.pdf,2018-04,Teatime Chocolate..,85,25,9.2,Dairy Products
StockReport_2018-04.pdf,2018-04,Camembert Pierrot,174,19,34,Dairy Products
StockReport_2018-04.pdf,2018-04,Flotemysost,197,26,21.5,Dairy Products
StockReport_2018-04.pdf,2018-04,Geitost,55,112,2.5,Dairy Products
StockReport_2018-04.pdf,2018-04,Gorgonzola Telino,15,0,12.5,Dairy Products
StockReport_2018-04.pdf,2018-04,Gudbrandsdalsost,66,26,36,Dairy Products
StockReport_2018-05.pdf,2018-05,Beverages,Chai,40,39,18
StockReport_2018-05.pdf,2018-05,Beverages,Chang,62,17,19
StockReport_2018-05.pdf,2018-05,Beverages,Chartreuse verte,22,69,18
StockReport_2018-05.pdf,2018-05,Beverages,Guaraná Fantástica,20,20,4.5
StockReport_2018-05.pdf,2018-05,Beverages,Ipoh Coffee,36,17,46
StockReport_2018-05.pdf,2018-05,Beverages,Lakkalikööri,2,57,18
StockReport_2018-05.pdf,2018-05,Beverages,Rhönbräu Klosterbier,4,125,7.75
StockReport_2018-05.pdf,2018-05,Beverages,Sasquatch Ale,35,111,14
StockReport_2018-05.pdf,2018-05,Condiments,Aniseed Syrup,4,13,10
StockReport_2018-05.pdf,2018-05,Condiments,Chef Anton's Cajun..,1,53,22
StockReport_2018-05.pdf,2018-05,Condiments,Grandma's Boysenberry..,21,120,25
StockReport_2018-05.pdf,2018-05,Condiments,Louisiana Hot Spiced..,1,4,17
StockReport_2018-05.pdf,2018-05,Condiments,Northwoods Cranberry..,2,6,40
StockReport_2018-05.pdf,2018-05,Condiments,Original Frankfurter..,30,32,13
StockReport_2018-05.pdf,2018-05,Confections,Pavlova,49,29,17.45
StockReport_2018-05.pdf,2018-05,Confections,Scottish Longbreads,55,6,12.5
StockReport_2018-05.pdf,2018-05,Confections,Sir Rodney's Marmalade,1,40,81
StockReport_2018-05.pdf,2018-05,Confections,Teatime Chocolate..,52,25,9.2
StockReport_2018-05.pdf,2018-05,Confections,Valkoinen suklaa,22,65,16.25
StockReport_2018-05.pdf,2018-05,Dairy Products,Camembert Pierrot,2,19,34
StockReport_2018-05.pdf,2018-05,Dairy Products,Gorgonzola Telino,20,0,12.5
StockReport_2018-05.pdf,2018-05,Dairy Products,Mascarpone Fabioli,1,9,32
StockReport_2018-05.pdf,2018-05,Dairy Products,Queso Cabrales,10,22,21
StockReport_2018-05.pdf,2018-05,Dairy Products,Queso Manchego La..,2,86,38
StockReport_2018-05.pdf,2018-05,Grains/Cereals,Filo Mix,2,38,7
StockReport_2018-05.pdf,2018-05,Grains/Cereals,Tunnbröd,2,61,9
StockReport_2018-05.pdf,2018-05,Grains/Cereals,Wimmers gute..,132,22,33.25
StockReport_2018-05.pdf,2018-05,Meat/Poultry,Alice Mutton,77,0,39
StockReport_2018-05.pdf,2018-05,Meat/Poultry,Perth Pasties,25,0,32.8
StockReport_2018-05.pdf,2018-05,Meat/Poultry,Pâté chinois,6,115,24
StockReport_2018-05.pdf,2018-05,Meat/Poultry,Tourtière,20,21,7.45
StockReport_2018-05.pdf,2018-05,Produce,Rössle Sauerkraut,8,26,45.6
StockReport_2018-05.pdf,2018-05,Produce,Tofu,21,35,23.25
StockReport_2018-05.pdf,2018-05,Produce,Uncle Bob's Organic..,16,15,30
