Source File,Report Period,Category,Category ID,Product Name,Units Sold,Units in Stock,Unit Price
StockReport_2016-07_1.pdf,2016-07,Beverages,1,Chang,105,17,19
StockReport_2016-07_1.pdf,2016-07,Beverages,1,Guaraná Fantástica,43,20,4.5
StockReport_2016-07_1.pdf,2016-07,Beverages,1,Steeleye Stout,20,20,18
StockReport_2016-07_1.pdf,2016-07,Beverages,1,Chartreuse verte,48,69,18
StockReport_2016-07_1.pdf,2016-07,Beverages,1,Outback Lager,41,15,15
StockReport_2016-07_1.pdf,2016-07,Beverages,1,Lakkalikööri,15,57,18
StockReport_2016-07_2.pdf,2016-07,Condiments,2,Chef Anton's Gumbo Mix,77,0,21.35
StockReport_2016-07_2.pdf,2016-07,Condiments,2,Louisiana Fiery Hot Pepper Sauce,35,76,21.05
StockReport_2016-07_2.pdf,2016-07,Condiments,2,Original Frankfurter grüne Soße,27,32,13
StockReport_2016-07_3.pdf,2016-07,Confections,3,Pavlova,95,29,17.45
StockReport_2016-07_3.pdf,2016-07,Confections,3,Sir Rodney's Marmalade,40,40,81
StockReport_2016-07_3.pdf,2016-07,Confections,3,Sir Rodney's Scones,30,3,10
StockReport_2016-07_3.pdf,2016-07,Confections,3,Schoggi Schokolade,25,49,43.9
StockReport_2016-07_3.pdf,2016-07,Confections,3,Maxilaku,40,10,20
StockReport_2016-07_3.pdf,2016-07,Confections,3,Tarte au sucre,15,17,49.3
StockReport_2016-07_4.pdf,2016-07,Dairy Products,4,Queso Cabrales,12,22,21
StockReport_2016-07_4.pdf,2016-07,Dairy Products,4,Queso Manchego La Pastora,12,86,38
StockReport_2016-07_4.pdf,2016-07,Dairy Products,4,Gorgonzola Telino,20,0,12.5
StockReport_2016-07_4.pdf,2016-07,Dairy Products,4,Mascarpone Fabioli,6,9,32
StockReport_2016-07_4.pdf,2016-07,Dairy Products,4,Geitost,85,112,2.5
StockReport_2016-07_4.pdf,2016-07,Dairy Products,4,Raclette Courdavault,100,79,55
StockReport_2016-07_4.pdf,2016-07,Dairy Products,4,Camembert Pierrot,40,19,34
StockReport_2016-07_4.pdf,2016-07,Dairy Products,4,Mozzarella di Giovanni,29,14,34.8
StockReport_2016-07_5.pdf,2016-07,Grains/Cereals,5,Gustaf's Knäckebröd,6,104,21
StockReport_2016-07_5.pdf,2016-07,Grains/Cereals,5,Singaporean Hokkien Fried Mee,10,26,14
StockReport_2016-07_5.pdf,2016-07,Grains/Cereals,5,Gnocchi di nonna Alice,2,21,38
StockReport_2016-07_5.pdf,2016-07,Grains/Cereals,5,Ravioli Angelo,65,36,19.5
StockReport_2016-07_6.pdf,2016-07,Meat/Poultry,6,Alice Mutton,30,0,39
StockReport_2016-07_6.pdf,2016-07,Meat/Poultry,6,Thüringer Rostbratwurst,10,0,123.79
StockReport_2016-07_6.pdf,2016-07,Meat/Poultry,6,Perth Pasties,15,0,32.8
StockReport_2016-07_6.pdf,2016-07,Meat/Poultry,6,Pâté chinois,21,115,24
StockReport_2016-07_7.pdf,2016-07,Produce,7,Uncle Bob's Organic Dried Pears,15,15,30
StockReport_2016-07_7.pdf,2016-07,Produce,7,Tofu,9,35,23.25
StockReport_2016-07_7.pdf,2016-07,Produce,7,Manjimup Dried Apples,75,20,53
StockReport_2016-07_7.pdf,2016-07,Produce,7,Longlife Tofu,57,4,10
StockReport_2016-07_8.pdf,2016-07,Seafood,8,Nord-Ost Matjeshering,60,10,25.89
StockReport_2016-07_8.pdf,2016-07,Seafood,8,Inlagd Sill,25,112,19
StockReport_2016-07_8.pdf,2016-07,Seafood,8,Gravad lax,1,11,26
StockReport_2016-07_8.pdf,2016-07,Seafood,8,Boston Crab Meat,50,123,18.4
StockReport_2016-07_8.pdf,2016-07,Seafood,8,Jack's New England Clam Chowder,51,85,9.65
StockReport_2016-08_1.pdf,2016-08,Beverages,1,Chai,63,39,18
StockReport_2016-08_1.pdf,2016-08,Beverages,1,Guaraná Fantástica,40,20,4.5
StockReport_2016-08_1.pdf,2016-08,Beverages,1,Sasquatch Ale,20,111,14
StockReport_2016-08_1.pdf,2016-08,Beverages,1,Steeleye Stout,104,20,18
StockReport_2016-08_1.pdf,2016-08,Beverages,1,Ipoh Coffee,40,17,46
StockReport_2016-08_1.pdf,2016-08,Beverages,1,Laughing Lumberjack Lager,5,52,14
StockReport_2016-08_1.pdf,2016-08,Beverages,1,Rhönbräu Klosterbier,42,125,7.75
StockReport_2016-08_1.pdf,2016-08,Beverages,1,Lakkalikööri,33,57,18
StockReport_2016-08_2.pdf,2016-08,Condiments,2,Aniseed Syrup,30,13,10
StockReport_2016-08_2.pdf,2016-08,Condiments,2,Chef Anton's Gumbo Mix,20,0,21.35
StockReport_2016-08_2.pdf,2016-08,Condiments,2,Genen Shouyu,20,39,15.5
StockReport_2016-08_2.pdf,2016-08,Condiments,2,Gula Malacca,61,27,19.45
StockReport_2016-08_2.pdf,2016-08,Condiments,2,Vegie-spread,13,24,43.9
StockReport_2016-08_2.pdf,2016-08,Condiments,2,Original Frankfurter grüne Soße,10,32,13
StockReport_2016-08_3.pdf,2016-08,Confections,3,Pavlova,40,29,17.45
StockReport_2016-08_3.pdf,2016-08,Confections,3,Teatime Chocolate Biscuits,19,25,9.2
StockReport_2016-08_3.pdf,2016-08,Confections,3,Sir Rodney's Marmalade,26,40,81
StockReport_2016-08_3.pdf,2016-08,Confections,3,Schoggi Schokolade,15,49,43.9
StockReport_2016-08_3.pdf,2016-08,Confections,3,Maxilaku,15,10,20
StockReport_2016-08_3.pdf,2016-08,Confections,3,Tarte au sucre,52,17,49.3
StockReport_2016-08_3.pdf,2016-08,Confections,3,Scottish Longbreads,3,6,12.5
StockReport_2016-08_4.pdf,2016-08,Dairy Products,4,Gorgonzola Telino,55,0,12.5
StockReport_2016-08_4.pdf,2016-08,Dairy Products,4,Geitost,44,112,2.5
StockReport_2016-08_4.pdf,2016-08,Dairy Products,4,Raclette Courdavault,21,79,55
StockReport_2016-08_4.pdf,2016-08,Dairy Products,4,Camembert Pierrot,76,19,34
StockReport_2016-08_4.pdf,2016-08,Dairy Products,4,Flotemysost,20,26,21.5
StockReport_2016-08_4.pdf,2016-08,Dairy Products,4,Mozzarella di Giovanni,34,14,34.8
StockReport_2016-08_5.pdf,2016-08,Grains/Cereals,5,Ravioli Angelo,2,36,19.5
StockReport_2016-08_5.pdf,2016-08,Grains/Cereals,5,Wimmers gute Semmelknödel,9,22,33.25
StockReport_2016-08_6.pdf,2016-08,Meat/Poultry,6,Alice Mutton,30,0,39
StockReport_2016-08_6.pdf,2016-08,Meat/Poultry,6,Thüringer Rostbratwurst,15,0,123.79
StockReport_2016-08_6.pdf,2016-08,Meat/Poultry,6,Perth Pasties,36,0,32.8
StockReport_2016-08_6.pdf,2016-08,Meat/Poultry,6,Tourtière,10,21,7.45
StockReport_2016-08_6.pdf,2016-08,Meat/Poultry,6,Pâté chinois,20,115,24
StockReport_2016-08_7.pdf,2016-08,Produce,7,Rössle Sauerkraut,20,26,45.6
StockReport_2016-08_7.pdf,2016-08,Produce,7,Manjimup Dried Apples,2,20,53
StockReport_2016-08_8.pdf,2016-08,Seafood,8,Ikura,39,31,31
StockReport_2016-08_8.pdf,2016-08,Seafood,8,Konbu,30,24,6
StockReport_2016-08_8.pdf,2016-08,Seafood,8,Carnarvon Tigers,12,42,62.5
StockReport_2016-08_8.pdf,2016-08,Seafood,8,Nord-Ost Matjeshering,6,10,25.89
StockReport_2016-08_8.pdf,2016-08,Seafood,8,Inlagd Sill,30,112,19
StockReport_2016-08_8.pdf,2016-08,Seafood,8,Boston Crab Meat,100,123,18.4
StockReport_2016-08_8.pdf,2016-08,Seafood,8,Spegesild,15,95,12
StockReport_2016-08_8.pdf,2016-08,Seafood,8,Röd Kaviar,25,101,15
StockReport_2016-09_1.pdf,2016-09,Beverages,1,Chai,20,39,18
StockReport_2016-09_1.pdf,2016-09,Beverages,1,Chang,40,17,19
StockReport_2016-09_1.pdf,2016-09,Beverages,1,Sasquatch Ale,14,111,14
StockReport_2016-09_1.pdf,2016-09,Beverages,1,Chartreuse verte,90,69,18
StockReport_2016-09_1.pdf,2016-09,Beverages,1,Ipoh Coffee,56,17,46
StockReport_2016-09_1.pdf,2016-09,Beverages,1,Outback Lager,55,15,15
StockReport_2016-09_1.pdf,2016-09,Beverages,1,Rhönbräu Klosterbier,10,125,7.75
StockReport_2016-09_2.pdf,2016-09,Condiments,2,Chef Anton's Cajun Seasoning,20,53,22
StockReport_2016-09_2.pdf,2016-09,Condiments,2,Grandma's Boysenberry Spread,30,120,25
StockReport_2016-09_2.pdf,2016-09,Condiments,2,Louisiana Fiery Hot Pepper Sauce,30,76,21.05
StockReport_2016-09_2.pdf,2016-09,Condiments,2,Louisiana Hot Spiced Okra,30,4,17
StockReport_2016-09_3.pdf,2016-09,Confections,3,Pavlova,40,29,17.45
StockReport_2016-09_3.pdf,2016-09,Confections,3,Teatime Chocolate Biscuits,15,25,9.2
StockReport_2016-09_3.pdf,2016-09,Confections,3,Maxilaku,30,10,20
StockReport_2016-09_3.pdf,2016-09,Confections,3,Tarte au sucre,125,17,49.3
StockReport_2016-09_3.pdf,2016-09,Confections,3,Scottish Longbreads,38,6,12.5
StockReport_2016-09_4.pdf,2016-09,Dairy Products,4,Queso Cabrales,12,22,21
StockReport_2016-09_4.pdf,2016-09,Dairy Products,4,Mascarpone Fabioli,40,9,32
StockReport_2016-09_4.pdf,2016-09,Dairy Products,4,Raclette Courdavault,40,79,55
StockReport_2016-09_4.pdf,2016-09,Dairy Products,4,Gudbrandsdalsost,23,26,36
StockReport_2016-09_4.pdf,2016-09,Dairy Products,4,Flotemysost,5,26,21.5
StockReport_2016-09_4.pdf,2016-09,Dairy Products,4,Mozzarella di Giovanni,20,14,34.8
StockReport_2016-09_5.pdf,2016-09,Grains/Cereals,5,Singaporean Hokkien Fried Mee,8,26,14
StockReport_2016-09_5.pdf,2016-09,Grains/Cereals,5,Gnocchi di nonna Alice,24,21,38
StockReport_2016-09_6.pdf,2016-09,Meat/Poultry,6,Alice Mutton,40,0,39
StockReport_2016-09_6.pdf,2016-09,Meat/Poultry,6,Thüringer Rostbratwurst,25,0,123.79
StockReport_2016-09_6.pdf,2016-09,Meat/Poultry,6,Perth Pasties,30,0,32.8
StockReport_2016-09_6.pdf,2016-09,Meat/Poultry,6,Tourtière,5,21,7.45
StockReport_2016-09_7.pdf,2016-09,Produce,7,Rössle Sauerkraut,32,26,45.6
StockReport_2016-09_8.pdf,2016-09,Seafood,8,Carnarvon Tigers,25,42,62.5
StockReport_2016-09_8.pdf,2016-09,Seafood,8,Nord-Ost Matjeshering,10,10,25.89
StockReport_2016-09_8.pdf,2016-09,Seafood,8,Inlagd Sill,52,112,19
StockReport_2016-09_8.pdf,2016-09,Seafood,8,Boston Crab Meat,50,123,18.4
StockReport_2016-09_8.pdf,2016-09,Seafood,8,Jack's New England Clam Chowder,10,85,9.65
StockReport_2016-09_8.pdf,2016-09,Seafood,8,Escargots de Bourgogne,30,62,13.25
StockReport_2016-10_1.pdf,2016-10,Beverages,1,Chang,56,17,19
StockReport_2016-10_1.pdf,2016-10,Beverages,1,Steeleye Stout,80,20,18
StockReport_2016-10_1.pdf,2016-10,Beverages,1,Côte de Blaye,20,17,263.5
StockReport_2016-10_1.pdf,2016-10,Beverages,1,Chartreuse verte,4,69,18
StockReport_2016-10_1.pdf,2016-10,Beverages,1,Ipoh Coffee,40,17,46
StockReport_2016-10_1.pdf,2016-10,Beverages,1,Rhönbräu Klosterbier,50,125,7.75
StockReport_2016-10_1.pdf,2016-10,Beverages,1,Lakkalikööri,51,57,18
StockReport_2016-10_2.pdf,2016-10,Condiments,2,Chef Anton's Cajun Seasoning,52,53,22
StockReport_2016-10_2.pdf,2016-10,Condiments,2,Grandma's Boysenberry Spread,6,120,25
StockReport_2016-10_2.pdf,2016-10,Condiments,2,Genen Shouyu,5,39,15.5
StockReport_2016-10_2.pdf,2016-10,Condiments,2,Vegie-spread,80,24,43.9
StockReport_2016-10_2.pdf,2016-10,Condiments,2,Louisiana Fiery Hot Pepper Sauce,40,76,21.05
StockReport_2016-10_3.pdf,2016-10,Confections,3,Pavlova,21,29,17.45
StockReport_2016-10_3.pdf,2016-10,Confections,3,Teatime Chocolate Biscuits,10,25,9.2
StockReport_2016-10_3.pdf,2016-10,Confections,3,Sir Rodney's Scones,10,3,10
StockReport_2016-10_3.pdf,2016-10,Confections,3,NuNuCa Nuß-Nougat-Creme,4,76,14
StockReport_2016-10_3.pdf,2016-10,Confections,3,Gumbär Gummibärchen,74,15,31.23
StockReport_2016-10_3.pdf,2016-10,Confections,3,Zaanse koeken,16,36,9.5
StockReport_2016-10_3.pdf,2016-10,Confections,3,Tarte au sucre,28,17,49.3
StockReport_2016-10_3.pdf,2016-10,Confections,3,Scottish Longbreads,24,6,12.5
StockReport_2016-10_4.pdf,2016-10,Dairy Products,4,Queso Cabrales,50,22,21
StockReport_2016-10_4.pdf,2016-10,Dairy Products,4,Gorgonzola Telino,85,0,12.5
StockReport_2016-10_4.pdf,2016-10,Dairy Products,4,Mascarpone Fabioli,6,9,32
StockReport_2016-10_4.pdf,2016-10,Dairy Products,4,Geitost,8,112,2.5
StockReport_2016-10_4.pdf,2016-10,Dairy Products,4,Raclette Courdavault,58,79,55
StockReport_2016-10_4.pdf,2016-10,Dairy Products,4,Flotemysost,70,26,21.5
StockReport_2016-10_4.pdf,2016-10,Dairy Products,4,Mozzarella di Giovanni,90,14,34.8
StockReport_2016-10_5.pdf,2016-10,Grains/Cereals,5,Tunnbröd,40,61,9
StockReport_2016-10_5.pdf,2016-10,Grains/Cereals,5,Singaporean Hokkien Fried Mee,10,26,14
StockReport_2016-10_5.pdf,2016-10,Grains/Cereals,5,Filo Mix,28,38,7
StockReport_2016-10_5.pdf,2016-10,Grains/Cereals,5,Gnocchi di nonna Alice,12,21,38
StockReport_2016-10_5.pdf,2016-10,Grains/Cereals,5,Ravioli Angelo,16,36,19.5
StockReport_2016-10_5.pdf,2016-10,Grains/Cereals,5,Wimmers gute Semmelknödel,50,22,33.25
StockReport_2016-10_6.pdf,2016-10,Meat/Poultry,6,Alice Mutton,98,0,39
StockReport_2016-10_6.pdf,2016-10,Meat/Poultry,6,Tourtière,15,21,7.45
StockReport_2016-10_6.pdf,2016-10,Meat/Poultry,6,Pâté chinois,40,115,24
StockReport_2016-10_7.pdf,2016-10,Produce,7,Tofu,19,35,23.25
StockReport_2016-10_7.pdf,2016-10,Produce,7,Rössle Sauerkraut,14,26,45.6
StockReport_2016-10_7.pdf,2016-10,Produce,7,Manjimup Dried Apples,48,20,53
StockReport_2016-10_8.pdf,2016-10,Seafood,8,Konbu,12,24,6
StockReport_2016-10_8.pdf,2016-10,Seafood,8,Carnarvon Tigers,60,42,62.5
StockReport_2016-10_8.pdf,2016-10,Seafood,8,Nord-Ost Matjeshering,58,10,25.89
StockReport_2016-10_8.pdf,2016-10,Seafood,8,Inlagd Sill,60,112,19
StockReport_2016-10_8.pdf,2016-10,Seafood,8,Gravad lax,28,11,26
StockReport_2016-10_8.pdf,2016-10,Seafood,8,Jack's New England Clam Chowder,32,85,9.65
StockReport_2016-10_8.pdf,2016-10,Seafood,8,Spegesild,30,95,12
StockReport_2016-10_8.pdf,2016-10,Seafood,8,Escargots de Bourgogne,30,62,13.25
StockReport_2016-11_1.pdf,2016-11,Beverages,1,Chai,27,39,18
StockReport_2016-11_1.pdf,2016-11,Beverages,1,Guaraná Fantástica,45,20,4.5
StockReport_2016-11_1.pdf,2016-11,Beverages,1,Sasquatch Ale,46,111,14
StockReport_2016-11_1.pdf,2016-11,Beverages,1,Côte de Blaye,80,17,263.5
StockReport_2016-11_1.pdf,2016-11,Beverages,1,Chartreuse verte,104,69,18
StockReport_2016-11_1.pdf,2016-11,Beverages,1,Rhönbräu Klosterbier,18,125,7.75
StockReport_2016-11_1.pdf,2016-11,Beverages,1,Lakkalikööri,12,57,18
StockReport_2016-11_2.pdf,2016-11,Condiments,2,Chef Anton's Cajun Seasoning,35,53,22
StockReport_2016-11_2.pdf,2016-11,Condiments,2,Northwoods Cranberry Sauce,140,6,40
StockReport_2016-11_2.pdf,2016-11,Condiments,2,Gula Malacca,77,27,19.45
StockReport_2016-11_2.pdf,2016-11,Condiments,2,Louisiana Fiery Hot Pepper Sauce,30,76,21.05
StockReport_2016-11_2.pdf,2016-11,Condiments,2,Original Frankfurter grüne Soße,12,32,13
StockReport_2016-11_3.pdf,2016-11,Confections,3,Pavlova,56,29,17.45
StockReport_2016-11_3.pdf,2016-11,Confections,3,Teatime Chocolate Biscuits,80,25,9.2
StockReport_2016-11_3.pdf,2016-11,Confections,3,Sir Rodney's Scones,5,3,10
StockReport_2016-11_3.pdf,2016-11,Confections,3,NuNuCa Nuß-Nougat-Creme,60,76,14
StockReport_2016-11_3.pdf,2016-11,Confections,3,Gumbär Gummibärchen,16,15,31.23
StockReport_2016-11_3.pdf,2016-11,Confections,3,Maxilaku,35,10,20
StockReport_2016-11_3.pdf,2016-11,Confections,3,Valkoinen suklaa,15,65,16.25
StockReport_2016-11_4.pdf,2016-11,Dairy Products,4,Queso Cabrales,36,22,21
StockReport_2016-11_4.pdf,2016-11,Dairy Products,4,Gorgonzola Telino,120,0,12.5
StockReport_2016-11_4.pdf,2016-11,Dairy Products,4,Camembert Pierrot,143,19,34
StockReport_2016-11_4.pdf,2016-11,Dairy Products,4,Gudbrandsdalsost,68,26,36
StockReport_2016-11_4.pdf,2016-11,Dairy Products,4,Flotemysost,5,26,21.5
StockReport_2016-11_5.pdf,2016-11,Grains/Cereals,5,Tunnbröd,25,61,9
StockReport_2016-11_5.pdf,2016-11,Grains/Cereals,5,Singaporean Hokkien Fried Mee,9,26,14
StockReport_2016-11_5.pdf,2016-11,Grains/Cereals,5,Gnocchi di nonna Alice,20,21,38
StockReport_2016-11_5.pdf,2016-11,Grains/Cereals,5,Ravioli Angelo,50,36,19.5
StockReport_2016-11_5.pdf,2016-11,Grains/Cereals,5,Wimmers gute Semmelknödel,35,22,33.25
StockReport_2016-11_6.pdf,2016-11,Meat/Poultry,6,Alice Mutton,36,0,39
StockReport_2016-11_6.pdf,2016-11,Meat/Poultry,6,Thüringer Rostbratwurst,39,0,123.79
StockReport_2016-11_6.pdf,2016-11,Meat/Poultry,6,Tourtière,114,21,7.45
StockReport_2016-11_6.pdf,2016-11,Meat/Poultry,6,Pâté chinois,12,115,24
StockReport_2016-11_7.pdf,2016-11,Produce,7,Rössle Sauerkraut,43,26,45.6
StockReport_2016-11_7.pdf,2016-11,Produce,7,Manjimup Dried Apples,20,20,53
StockReport_2016-11_8.pdf,2016-11,Seafood,8,Ikura,30,31,31
StockReport_2016-11_8.pdf,2016-11,Seafood,8,Inlagd Sill,20,112,19
StockReport_2016-11_8.pdf,2016-11,Seafood,8,Boston Crab Meat,4,123,18.4
StockReport_2016-11_8.pdf,2016-11,Seafood,8,Jack's New England Clam Chowder,13,85,9.65
StockReport_2016-12_1.pdf,2016-12,Beverages,1,Chai,15,39,18
StockReport_2016-12_1.pdf,2016-12,Beverages,1,Chang,25,17,19
StockReport_2016-12_1.pdf,2016-12,Beverages,1,Guaraná Fantástica,30,20,4.5
StockReport_2016-12_1.pdf,2016-12,Beverages,1,Sasquatch Ale,10,111,14
StockReport_2016-12_1.pdf,2016-12,Beverages,1,Steeleye Stout,70,20,18
StockReport_2016-12_1.pdf,2016-12,Beverages,1,Côte de Blaye,40,17,263.5
StockReport_2016-12_1.pdf,2016-12,Beverages,1,Chartreuse verte,20,69,18
StockReport_2016-12_1.pdf,2016-12,Beverages,1,Outback Lager,60,15,15
StockReport_2016-12_1.pdf,2016-12,Beverages,1,Lakkalikööri,35,57,18
StockReport_2016-12_2.pdf,2016-12,Condiments,2,Chef Anton's Gumbo Mix,32,0,21.35
StockReport_2016-12_2.pdf,2016-12,Condiments,2,Vegie-spread,16,24,43.9
StockReport_2016-12_2.pdf,2016-12,Condiments,2,Louisiana Fiery Hot Pepper Sauce,20,76,21.05
StockReport_2016-12_2.pdf,2016-12,Condiments,2,Original Frankfurter grüne Soße,14,32,13
StockReport_2016-12_3.pdf,2016-12,Confections,3,Sir Rodney's Marmalade,40,40,81
StockReport_2016-12_3.pdf,2016-12,Confections,3,Sir Rodney's Scones,10,3,10
StockReport_2016-12_3.pdf,2016-12,Confections,3,NuNuCa Nuß-Nougat-Creme,7,76,14
StockReport_2016-12_3.pdf,2016-12,Confections,3,Gumbär Gummibärchen,70,15,31.23
StockReport_2016-12_3.pdf,2016-12,Confections,3,Valkoinen suklaa,15,65,16.25
StockReport_2016-12_3.pdf,2016-12,Confections,3,Tarte au sucre,30,17,49.3
StockReport_2016-12_3.pdf,2016-12,Confections,3,Scottish Longbreads,68,6,12.5
StockReport_2016-12_4.pdf,2016-12,Dairy Products,4,Gorgonzola Telino,164,0,12.5
StockReport_2016-12_4.pdf,2016-12,Dairy Products,4,Geitost,60,112,2.5
StockReport_2016-12_4.pdf,2016-12,Dairy Products,4,Raclette Courdavault,12,79,55
StockReport_2016-12_4.pdf,2016-12,Dairy Products,4,Camembert Pierrot,111,19,34
StockReport_2016-12_4.pdf,2016-12,Dairy Products,4,Gudbrandsdalsost,58,26,36
StockReport_2016-12_4.pdf,2016-12,Dairy Products,4,Flotemysost,161,26,21.5
StockReport_2016-12_4.pdf,2016-12,Dairy Products,4,Mozzarella di Giovanni,87,14,34.8
StockReport_2016-12_5.pdf,2016-12,Grains/Cereals,5,Tunnbröd,40,61,9
StockReport_2016-12_5.pdf,2016-12,Grains/Cereals,5,Filo Mix,20,38,7
StockReport_2016-12_5.pdf,2016-12,Grains/Cereals,5,Gnocchi di nonna Alice,38,21,38
StockReport_2016-12_5.pdf,2016-12,Grains/Cereals,5,Wimmers gute Semmelknödel,30,22,33.25
StockReport_2016-12_6.pdf,2016-12,Meat/Poultry,6,Thüringer Rostbratwurst,34,0,123.79
StockReport_2016-12_6.pdf,2016-12,Meat/Poultry,6,Perth Pasties,130,0,32.8
StockReport_2016-12_6.pdf,2016-12,Meat/Poultry,6,Tourtière,10,21,7.45
StockReport_2016-12_6.pdf,2016-12,Meat/Poultry,6,Pâté chinois,135,115,24
StockReport_2016-12_7.pdf,2016-12,Produce,7,Uncle Bob's Organic Dried Pears,10,15,30
StockReport_2016-12_7.pdf,2016-12,Produce,7,Tofu,57,35,23.25
StockReport_2016-12_7.pdf,2016-12,Produce,7,Rössle Sauerkraut,26,26,45.6
StockReport_2016-12_7.pdf,2016-12,Produce,7,Manjimup Dried Apples,18,20,53
StockReport_2016-12_7.pdf,2016-12,Produce,7,Longlife Tofu,84,4,10
StockReport_2016-12_8.pdf,2016-12,Seafood,8,Ikura,16,31,31
StockReport_2016-12_8.pdf,2016-12,Seafood,8,Konbu,48,24,6
StockReport_2016-12_8.pdf,2016-12,Seafood,8,Carnarvon Tigers,9,42,62.5
StockReport_2016-12_8.pdf,2016-12,Seafood,8,Nord-Ost Matjeshering,18,10,25.89
StockReport_2016-12_8.pdf,2016-12,Seafood,8,Inlagd Sill,6,112,19
StockReport_2016-12_8.pdf,2016-12,Seafood,8,Jack's New England Clam Chowder,8,85,9.65
StockReport_2016-12_8.pdf,2016-12,Seafood,8,Rogede sild,15,5,9.5
StockReport_2016-12_8.pdf,2016-12,Seafood,8,Spegesild,73,95,12
StockReport_2016-12_8.pdf,2016-12,Seafood,8,Escargots de Bourgogne,95,62,13.25
StockReport_2017-01_1.pdf,2017-01,Beverages,1,Chai,34,39,18
StockReport_2017-01_1.pdf,2017-01,Beverages,1,Chang,60,17,19
StockReport_2017-01_1.pdf,2017-01,Beverages,1,Steeleye Stout,95,20,18
StockReport_2017-01_1.pdf,2017-01,Beverages,1,Côte de Blaye,99,17,263.5
StockReport_2017-01_1.pdf,2017-01,Beverages,1,Outback Lager,8,15,15
StockReport_2017-01_1.pdf,2017-01,Beverages,1,Lakkalikööri,34,57,18
StockReport_2017-01_2.pdf,2017-01,Condiments,2,Aniseed Syrup,50,13,10
StockReport_2017-01_2.pdf,2017-01,Condiments,2,Gula Malacca,40,27,19.45
StockReport_2017-01_2.pdf,2017-01,Condiments,2,Sirop d'érable,16,113,28.5
StockReport_2017-01_2.pdf,2017-01,Condiments,2,Vegie-spread,100,24,43.9
StockReport_2017-01_2.pdf,2017-01,Condiments,2,Louisiana Fiery Hot Pepper Sauce,20,76,21.05
StockReport_2017-01_2.pdf,2017-01,Condiments,2,Original Frankfurter grüne Soße,45,32,13
StockReport_2017-01_3.pdf,2017-01,Confections,3,Pavlova,21,29,17.45
StockReport_2017-01_3.pdf,2017-01,Confections,3,Teatime Chocolate Biscuits,42,25,9.2
StockReport_2017-01_3.pdf,2017-01,Confections,3,Sir Rodney's Scones,92,3,10
StockReport_2017-01_3.pdf,2017-01,Confections,3,Gumbär Gummibärchen,72,15,31.23
StockReport_2017-01_3.pdf,2017-01,Confections,3,Zaanse koeken,85,36,9.5
StockReport_2017-01_3.pdf,2017-01,Confections,3,Chocolade,70,15,12.75
StockReport_2017-01_3.pdf,2017-01,Confections,3,Maxilaku,60,10,20
StockReport_2017-01_3.pdf,2017-01,Confections,3,Valkoinen suklaa,40,65,16.25
StockReport_2017-01_3.pdf,2017-01,Confections,3,Tarte au sucre,75,17,49.3
StockReport_2017-01_3.pdf,2017-01,Confections,3,Scottish Longbreads,66,6,12.5
StockReport_2017-01_4.pdf,2017-01,Dairy Products,4,Queso Cabrales,30,22,21
StockReport_2017-01_4.pdf,2017-01,Dairy Products,4,Gorgonzola Telino,14,0,12.5
StockReport_2017-01_4.pdf,2017-01,Dairy Products,4,Geitost,119,112,2.5
StockReport_2017-01_4.pdf,2017-01,Dairy Products,4,Raclette Courdavault,115,79,55
StockReport_2017-01_4.pdf,2017-01,Dairy Products,4,Camembert Pierrot,60,19,34
StockReport_2017-01_4.pdf,2017-01,Dairy Products,4,Gudbrandsdalsost,35,26,36
StockReport_2017-01_4.pdf,2017-01,Dairy Products,4,Flotemysost,75,26,21.5
StockReport_2017-01_5.pdf,2017-01,Grains/Cereals,5,Tunnbröd,60,61,9
StockReport_2017-01_5.pdf,2017-01,Grains/Cereals,5,Singaporean Hokkien Fried Mee,40,26,14
StockReport_2017-01_5.pdf,2017-01,Grains/Cereals,5,Gnocchi di nonna Alice,105,21,38
StockReport_2017-01_5.pdf,2017-01,Grains/Cereals,5,Ravioli Angelo,20,36,19.5
StockReport_2017-01_5.pdf,2017-01,Grains/Cereals,5,Wimmers gute Semmelknödel,7,22,33.25
StockReport_2017-01_6.pdf,2017-01,Meat/Poultry,6,Mishi Kobe Niku,20,29,97
StockReport_2017-01_6.pdf,2017-01,Meat/Poultry,6,Alice Mutton,97,0,39
StockReport_2017-01_6.pdf,2017-01,Meat/Poultry,6,Thüringer Rostbratwurst,21,0,123.79
StockReport_2017-01_6.pdf,2017-01,Meat/Poultry,6,Perth Pasties,25,0,32.8
StockReport_2017-01_6.pdf,2017-01,Meat/Poultry,6,Tourtière,46,21,7.45
StockReport_2017-01_6.pdf,2017-01,Meat/Poultry,6,Pâté chinois,10,115,24
StockReport_2017-01_7.pdf,2017-01,Produce,7,Tofu,67,35,23.25
StockReport_2017-01_7.pdf,2017-01,Produce,7,Rössle Sauerkraut,42,26,45.6
StockReport_2017-01_7.pdf,2017-01,Produce,7,Longlife Tofu,15,4,10
StockReport_2017-01_8.pdf,2017-01,Seafood,8,Konbu,2,24,6
StockReport_2017-01_8.pdf,2017-01,Seafood,8,Nord-Ost Matjeshering,18,10,25.89
StockReport_2017-01_8.pdf,2017-01,Seafood,8,Inlagd Sill,5,112,19
StockReport_2017-01_8.pdf,2017-01,Seafood,8,Gravad lax,10,11,26
StockReport_2017-01_8.pdf,2017-01,Seafood,8,Boston Crab Meat,52,123,18.4
StockReport_2017-01_8.pdf,2017-01,Seafood,8,Jack's New England Clam Chowder,25,85,9.65
StockReport_2017-01_8.pdf,2017-01,Seafood,8,Spegesild,22,95,12
StockReport_2017-01_8.pdf,2017-01,Seafood,8,Röd Kaviar,20,101,15
StockReport_2017-02_1.pdf,2017-02,Beverages,1,Chang,55,17,19
StockReport_2017-02_1.pdf,2017-02,Beverages,1,Guaraná Fantástica,20,20,4.5
StockReport_2017-02_1.pdf,2017-02,Beverages,1,Sasquatch Ale,20,111,14
StockReport_2017-02_1.pdf,2017-02,Beverages,1,Steeleye Stout,8,20,18
StockReport_2017-02_1.pdf,2017-02,Beverages,1,Chartreuse verte,26,69,18
StockReport_2017-02_1.pdf,2017-02,Beverages,1,Ipoh Coffee,20,17,46
StockReport_2017-02_1.pdf,2017-02,Beverages,1,Outback Lager,25,15,15
StockReport_2017-02_1.pdf,2017-02,Beverages,1,Rhönbräu Klosterbier,28,125,7.75
StockReport_2017-02_1.pdf,2017-02,Beverages,1,Lakkalikööri,18,57,18
StockReport_2017-02_2.pdf,2017-02,Condiments,2,Gula Malacca,100,27,19.45
StockReport_2017-02_2.pdf,2017-02,Condiments,2,Sirop d'érable,115,113,28.5
StockReport_2017-02_2.pdf,2017-02,Condiments,2,Louisiana Fiery Hot Pepper Sauce,63,76,21.05
StockReport_2017-02_2.pdf,2017-02,Condiments,2,Louisiana Hot Spiced Okra,60,4,17
StockReport_2017-02_2.pdf,2017-02,Condiments,2,Original Frankfurter grüne Soße,55,32,13
StockReport_2017-02_3.pdf,2017-02,Confections,3,Pavlova,85,29,17.45
StockReport_2017-02_3.pdf,2017-02,Confections,3,Teatime Chocolate Biscuits,67,25,9.2
StockReport_2017-02_3.pdf,2017-02,Confections,3,Sir Rodney's Scones,80,3,10
StockReport_2017-02_3.pdf,2017-02,Confections,3,Gumbär Gummibärchen,51,15,31.23
StockReport_2017-02_3.pdf,2017-02,Confections,3,Schoggi Schokolade,50,49,43.9
StockReport_2017-02_3.pdf,2017-02,Confections,3,Chocolade,15,15,12.75
StockReport_2017-02_3.pdf,2017-02,Confections,3,Maxilaku,21,10,20
StockReport_2017-02_3.pdf,2017-02,Confections,3,Tarte au sucre,35,17,49.3
StockReport_2017-02_3.pdf,2017-02,Confections,3,Scottish Longbreads,21,6,12.5
StockReport_2017-02_4.pdf,2017-02,Dairy Products,4,Queso Cabrales,42,22,21
StockReport_2017-02_4.pdf,2017-02,Dairy Products,4,Queso Manchego La Pastora,15,86,38
StockReport_2017-02_4.pdf,2017-02,Dairy Products,4,Gorgonzola Telino,3,0,12.5
StockReport_2017-02_4.pdf,2017-02,Dairy Products,4,Geitost,20,112,2.5
StockReport_2017-02_4.pdf,2017-02,Dairy Products,4,Raclette Courdavault,36,79,55
StockReport_2017-02_4.pdf,2017-02,Dairy Products,4,Flotemysost,82,26,21.5
StockReport_2017-02_4.pdf,2017-02,Dairy Products,4,Mozzarella di Giovanni,50,14,34.8
StockReport_2017-02_5.pdf,2017-02,Grains/Cereals,5,Gustaf's Knäckebröd,12,104,21
StockReport_2017-02_5.pdf,2017-02,Grains/Cereals,5,Filo Mix,35,38,7
StockReport_2017-02_5.pdf,2017-02,Grains/Cereals,5,Gnocchi di nonna Alice,83,21,38
StockReport_2017-02_5.pdf,2017-02,Grains/Cereals,5,Ravioli Angelo,15,36,19.5
StockReport_2017-02_5.pdf,2017-02,Grains/Cereals,5,Wimmers gute Semmelknödel,71,22,33.25
StockReport_2017-02_6.pdf,2017-02,Meat/Poultry,6,Alice Mutton,10,0,39
StockReport_2017-02_6.pdf,2017-02,Meat/Poultry,6,Thüringer Rostbratwurst,24,0,123.79
StockReport_2017-02_6.pdf,2017-02,Meat/Poultry,6,Perth Pasties,65,0,32.8
StockReport_2017-02_6.pdf,2017-02,Meat/Poultry,6,Tourtière,101,21,7.45
StockReport_2017-02_6.pdf,2017-02,Meat/Poultry,6,Pâté chinois,180,115,24
StockReport_2017-02_7.pdf,2017-02,Produce,7,Uncle Bob's Organic Dried Pears,16,15,30
StockReport_2017-02_7.pdf,2017-02,Produce,7,Rössle Sauerkraut,57,26,45.6
StockReport_2017-02_7.pdf,2017-02,Produce,7,Longlife Tofu,30,4,10
StockReport_2017-02_8.pdf,2017-02,Seafood,8,Ikura,34,31,31
StockReport_2017-02_8.pdf,2017-02,Seafood,8,Nord-Ost Matjeshering,28,10,25.89
StockReport_2017-02_8.pdf,2017-02,Seafood,8,Boston Crab Meat,20,123,18.4
StockReport_2017-02_8.pdf,2017-02,Seafood,8,Jack's New England Clam Chowder,30,85,9.65
StockReport_2017-02_8.pdf,2017-02,Seafood,8,Spegesild,35,95,12
StockReport_2017-03_1.pdf,2017-03,Beverages,1,Chai,15,39,18
StockReport_2017-03_1.pdf,2017-03,Beverages,1,Chang,60,17,19
StockReport_2017-03_1.pdf,2017-03,Beverages,1,Guaraná Fantástica,133,20,4.5
StockReport_2017-03_1.pdf,2017-03,Beverages,1,Sasquatch Ale,35,111,14
StockReport_2017-03_1.pdf,2017-03,Beverages,1,Côte de Blaye,30,17,263.5
StockReport_2017-03_1.pdf,2017-03,Beverages,1,Chartreuse verte,20,69,18
StockReport_2017-03_1.pdf,2017-03,Beverages,1,Ipoh Coffee,18,17,46
StockReport_2017-03_1.pdf,2017-03,Beverages,1,Outback Lager,72,15,15
StockReport_2017-03_1.pdf,2017-03,Beverages,1,Rhönbräu Klosterbier,46,125,7.75
StockReport_2017-03_1.pdf,2017-03,Beverages,1,Lakkalikööri,42,57,18
StockReport_2017-03_2.pdf,2017-03,Condiments,2,Aniseed Syrup,20,13,10
StockReport_2017-03_2.pdf,2017-03,Condiments,2,Chef Anton's Cajun Seasoning,16,53,22
StockReport_2017-03_2.pdf,2017-03,Condiments,2,Gula Malacca,17,27,19.45
StockReport_2017-03_2.pdf,2017-03,Condiments,2,Louisiana Hot Spiced Okra,60,4,17
StockReport_2017-03_2.pdf,2017-03,Condiments,2,Original Frankfurter grüne Soße,37,32,13
StockReport_2017-03_3.pdf,2017-03,Confections,3,Pavlova,53,29,17.45
StockReport_2017-03_3.pdf,2017-03,Confections,3,Teatime Chocolate Biscuits,26,25,9.2
StockReport_2017-03_3.pdf,2017-03,Confections,3,Sir Rodney's Scones,35,3,10
StockReport_2017-03_3.pdf,2017-03,Confections,3,NuNuCa Nuß-Nougat-Creme,12,76,14
StockReport_2017-03_3.pdf,2017-03,Confections,3,Gumbär Gummibärchen,30,15,31.23
StockReport_2017-03_3.pdf,2017-03,Confections,3,Zaanse koeken,30,36,9.5
StockReport_2017-03_3.pdf,2017-03,Confections,3,Maxilaku,24,10,20
StockReport_2017-03_3.pdf,2017-03,Confections,3,Valkoinen suklaa,25,65,16.25
StockReport_2017-03_3.pdf,2017-03,Confections,3,Scottish Longbreads,30,6,12.5
StockReport_2017-03_4.pdf,2017-03,Dairy Products,4,Queso Cabrales,30,22,21
StockReport_2017-03_4.pdf,2017-03,Dairy Products,4,Gorgonzola Telino,35,0,12.5
StockReport_2017-03_4.pdf,2017-03,Dairy Products,4,Geitost,12,112,2.5
StockReport_2017-03_4.pdf,2017-03,Dairy Products,4,Raclette Courdavault,162,79,55
StockReport_2017-03_4.pdf,2017-03,Dairy Products,4,Camembert Pierrot,60,19,34
StockReport_2017-03_4.pdf,2017-03,Dairy Products,4,Flotemysost,12,26,21.5
StockReport_2017-03_5.pdf,2017-03,Grains/Cereals,5,Tunnbröd,36,61,9
StockReport_2017-03_5.pdf,2017-03,Grains/Cereals,5,Singaporean Hokkien Fried Mee,50,26,14
StockReport_2017-03_5.pdf,2017-03,Grains/Cereals,5,Gnocchi di nonna Alice,50,21,38
StockReport_2017-03_5.pdf,2017-03,Grains/Cereals,5,Wimmers gute Semmelknödel,38,22,33.25
StockReport_2017-03_6.pdf,2017-03,Meat/Poultry,6,Thüringer Rostbratwurst,18,0,123.79
StockReport_2017-03_6.pdf,2017-03,Meat/Poultry,6,Perth Pasties,28,0,32.8
StockReport_2017-03_6.pdf,2017-03,Meat/Poultry,6,Tourtière,24,21,7.45
StockReport_2017-03_6.pdf,2017-03,Meat/Poultry,6,Pâté chinois,32,115,24
StockReport_2017-03_7.pdf,2017-03,Produce,7,Uncle Bob's Organic Dried Pears,30,15,30
StockReport_2017-03_7.pdf,2017-03,Produce,7,Tofu,12,35,23.25
StockReport_2017-03_7.pdf,2017-03,Produce,7,Rössle Sauerkraut,18,26,45.6
StockReport_2017-03_7.pdf,2017-03,Produce,7,Manjimup Dried Apples,46,20,53
StockReport_2017-03_7.pdf,2017-03,Produce,7,Longlife Tofu,16,4,10
StockReport_2017-03_8.pdf,2017-03,Seafood,8,Ikura,20,31,31
StockReport_2017-03_8.pdf,2017-03,Seafood,8,Konbu,1,24,6
StockReport_2017-03_8.pdf,2017-03,Seafood,8,Carnarvon Tigers,30,42,62.5
StockReport_2017-03_8.pdf,2017-03,Seafood,8,Nord-Ost Matjeshering,8,10,25.89
StockReport_2017-03_8.pdf,2017-03,Seafood,8,Boston Crab Meat,61,123,18.4
StockReport_2017-03_8.pdf,2017-03,Seafood,8,Rogede sild,30,5,9.5
StockReport_2017-03_8.pdf,2017-03,Seafood,8,Spegesild,5,95,12
StockReport_2017-03_8.pdf,2017-03,Seafood,8,Röd Kaviar,20,101,15
StockReport_2017-04_1.pdf,2017-04,Beverages,1,Chai,40,39,18
StockReport_2017-04_1.pdf,2017-04,Beverages,1,Chang,12,17,19
StockReport_2017-04_1.pdf,2017-04,Beverages,1,Guaraná Fantástica,37,20,4.5
StockReport_2017-04_1.pdf,2017-04,Beverages,1,Steeleye Stout,3,20,18
StockReport_2017-04_1.pdf,2017-04,Beverages,1,Côte de Blaye,15,17,263.5
StockReport_2017-04_1.pdf,2017-04,Beverages,1,Chartreuse verte,10,69,18
StockReport_2017-04_1.pdf,2017-04,Beverages,1,Ipoh Coffee,15,17,46
StockReport_2017-04_1.pdf,2017-04,Beverages,1,Laughing Lumberjack Lager,30,52,14
StockReport_2017-04_1.pdf,2017-04,Beverages,1,Outback Lager,20,15,15
StockReport_2017-04_1.pdf,2017-04,Beverages,1,Rhönbräu Klosterbier,86,125,7.75
StockReport_2017-04_2.pdf,2017-04,Condiments,2,Chef Anton's Cajun Seasoning,50,53,22
StockReport_2017-04_2.pdf,2017-04,Condiments,2,Northwoods Cranberry Sauce,34,6,40
StockReport_2017-04_2.pdf,2017-04,Condiments,2,Genen Shouyu,12,39,15.5
StockReport_2017-04_2.pdf,2017-04,Condiments,2,Gula Malacca,9,27,19.45
StockReport_2017-04_2.pdf,2017-04,Condiments,2,Sirop d'érable,40,113,28.5
StockReport_2017-04_2.pdf,2017-04,Condiments,2,Louisiana Fiery Hot Pepper Sauce,74,76,21.05
StockReport_2017-04_2.pdf,2017-04,Condiments,2,Louisiana Hot Spiced Okra,10,4,17
StockReport_2017-04_2.pdf,2017-04,Condiments,2,Original Frankfurter grüne Soße,30,32,13
StockReport_2017-04_3.pdf,2017-04,Confections,3,Pavlova,50,29,17.45
StockReport_2017-04_3.pdf,2017-04,Confections,3,Sir Rodney's Marmalade,39,40,81
StockReport_2017-04_3.pdf,2017-04,Confections,3,Sir Rodney's Scones,52,3,10
StockReport_2017-04_3.pdf,2017-04,Confections,3,NuNuCa Nuß-Nougat-Creme,78,76,14
StockReport_2017-04_3.pdf,2017-04,Confections,3,Schoggi Schokolade,120,49,43.9
StockReport_2017-04_3.pdf,2017-04,Confections,3,Zaanse koeken,6,36,9.5
StockReport_2017-04_3.pdf,2017-04,Confections,3,Chocolade,15,15,12.75
StockReport_2017-04_3.pdf,2017-04,Confections,3,Maxilaku,25,10,20
StockReport_2017-04_3.pdf,2017-04,Confections,3,Tarte au sucre,3,17,49.3
StockReport_2017-04_3.pdf,2017-04,Confections,3,Scottish Longbreads,6,6,12.5
StockReport_2017-04_4.pdf,2017-04,Dairy Products,4,Gorgonzola Telino,20,0,12.5
StockReport_2017-04_4.pdf,2017-04,Dairy Products,4,Mascarpone Fabioli,50,9,32
StockReport_2017-04_4.pdf,2017-04,Dairy Products,4,Geitost,16,112,2.5
StockReport_2017-04_4.pdf,2017-04,Dairy Products,4,Raclette Courdavault,4,79,55
StockReport_2017-04_4.pdf,2017-04,Dairy Products,4,Camembert Pierrot,106,19,34
StockReport_2017-04_4.pdf,2017-04,Dairy Products,4,Gudbrandsdalsost,10,26,36
StockReport_2017-04_4.pdf,2017-04,Dairy Products,4,Mozzarella di Giovanni,25,14,34.8
StockReport_2017-04_5.pdf,2017-04,Grains/Cereals,5,Tunnbröd,10,61,9
StockReport_2017-04_5.pdf,2017-04,Grains/Cereals,5,Singaporean Hokkien Fried Mee,70,26,14
StockReport_2017-04_5.pdf,2017-04,Grains/Cereals,5,Filo Mix,6,38,7
StockReport_2017-04_5.pdf,2017-04,Grains/Cereals,5,Gnocchi di nonna Alice,154,21,38
StockReport_2017-04_6.pdf,2017-04,Meat/Poultry,6,Mishi Kobe Niku,16,29,97
StockReport_2017-04_6.pdf,2017-04,Meat/Poultry,6,Thüringer Rostbratwurst,36,0,123.79
StockReport_2017-04_6.pdf,2017-04,Meat/Poultry,6,Perth Pasties,21,0,32.8
StockReport_2017-04_6.pdf,2017-04,Meat/Poultry,6,Tourtière,20,21,7.45
StockReport_2017-04_7.pdf,2017-04,Produce,7,Uncle Bob's Organic Dried Pears,50,15,30
StockReport_2017-04_7.pdf,2017-04,Produce,7,Tofu,70,35,23.25
StockReport_2017-04_7.pdf,2017-04,Produce,7,Rössle Sauerkraut,66,26,45.6
StockReport_2017-04_8.pdf,2017-04,Seafood,8,Ikura,16,31,31
StockReport_2017-04_8.pdf,2017-04,Seafood,8,Konbu,10,24,6
StockReport_2017-04_8.pdf,2017-04,Seafood,8,Carnarvon Tigers,25,42,62.5
StockReport_2017-04_8.pdf,2017-04,Seafood,8,Nord-Ost Matjeshering,20,10,25.89
StockReport_2017-04_8.pdf,2017-04,Seafood,8,Boston Crab Meat,30,123,18.4
StockReport_2017-04_8.pdf,2017-04,Seafood,8,Jack's New England Clam Chowder,110,85,9.65
StockReport_2017-04_8.pdf,2017-04,Seafood,8,Rogede sild,21,5,9.5
StockReport_2017-04_8.pdf,2017-04,Seafood,8,Spegesild,9,95,12
StockReport_2017-05_1.pdf,2017-05,Beverages,1,Chai,8,39,18
StockReport_2017-05_1.pdf,2017-05,Beverages,1,Guaraná Fantástica,35,20,4.5
StockReport_2017-05_1.pdf,2017-05,Beverages,1,Sasquatch Ale,10,111,14
StockReport_2017-05_1.pdf,2017-05,Beverages,1,Steeleye Stout,56,20,18
StockReport_2017-05_1.pdf,2017-05,Beverages,1,Côte de Blaye,34,17,263.5
StockReport_2017-05_1.pdf,2017-05,Beverages,1,Ipoh Coffee,85,17,46
StockReport_2017-05_1.pdf,2017-05,Beverages,1,Laughing Lumberjack Lager,7,52,14
StockReport_2017-05_1.pdf,2017-05,Beverages,1,Outback Lager,7,15,15
StockReport_2017-05_1.pdf,2017-05,Beverages,1,Rhönbräu Klosterbier,30,125,7.75
StockReport_2017-05_1.pdf,2017-05,Beverages,1,Lakkalikööri,50,57,18
StockReport_2017-05_2.pdf,2017-05,Condiments,2,Aniseed Syrup,60,13,10
StockReport_2017-05_2.pdf,2017-05,Condiments,2,Chef Anton's Cajun Seasoning,100,53,22
StockReport_2017-05_2.pdf,2017-05,Condiments,2,Gula Malacca,40,27,19.45
StockReport_2017-05_2.pdf,2017-05,Condiments,2,Sirop d'érable,30,113,28.5
StockReport_2017-05_2.pdf,2017-05,Condiments,2,Louisiana Fiery Hot Pepper Sauce,36,76,21.05
StockReport_2017-05_2.pdf,2017-05,Condiments,2,Louisiana Hot Spiced Okra,24,4,17
StockReport_2017-05_2.pdf,2017-05,Condiments,2,Original Frankfurter grüne Soße,10,32,13
StockReport_2017-05_3.pdf,2017-05,Confections,3,Pavlova,84,29,17.45
StockReport_2017-05_3.pdf,2017-05,Confections,3,Teatime Chocolate Biscuits,10,25,9.2
StockReport_2017-05_3.pdf,2017-05,Confections,3,Sir Rodney's Marmalade,15,40,81
StockReport_2017-05_3.pdf,2017-05,Confections,3,Sir Rodney's Scones,21,3,10
StockReport_2017-05_3.pdf,2017-05,Confections,3,Gumbär Gummibärchen,40,15,31.23
StockReport_2017-05_3.pdf,2017-05,Confections,3,Maxilaku,6,10,20
StockReport_2017-05_3.pdf,2017-05,Confections,3,Tarte au sucre,60,17,49.3
StockReport_2017-05_3.pdf,2017-05,Confections,3,Scottish Longbreads,55,6,12.5
StockReport_2017-05_4.pdf,2017-05,Dairy Products,4,Queso Cabrales,93,22,21
StockReport_2017-05_4.pdf,2017-05,Dairy Products,4,Queso Manchego La Pastora,45,86,38
StockReport_2017-05_4.pdf,2017-05,Dairy Products,4,Gorgonzola Telino,135,0,12.5
StockReport_2017-05_4.pdf,2017-05,Dairy Products,4,Mascarpone Fabioli,24,9,32
StockReport_2017-05_4.pdf,2017-05,Dairy Products,4,Geitost,53,112,2.5
StockReport_2017-05_4.pdf,2017-05,Dairy Products,4,Raclette Courdavault,17,79,55
StockReport_2017-05_4.pdf,2017-05,Dairy Products,4,Camembert Pierrot,35,19,34
StockReport_2017-05_4.pdf,2017-05,Dairy Products,4,Gudbrandsdalsost,28,26,36
StockReport_2017-05_4.pdf,2017-05,Dairy Products,4,Flotemysost,9,26,21.5
StockReport_2017-05_4.pdf,2017-05,Dairy Products,4,Mozzarella di Giovanni,55,14,34.8
StockReport_2017-05_5.pdf,2017-05,Grains/Cereals,5,Gustaf's Knäckebröd,24,104,21
StockReport_2017-05_5.pdf,2017-05,Grains/Cereals,5,Tunnbröd,90,61,9
StockReport_2017-05_5.pdf,2017-05,Grains/Cereals,5,Gnocchi di nonna Alice,30,21,38
StockReport_2017-05_5.pdf,2017-05,Grains/Cereals,5,Ravioli Angelo,5,36,19.5
StockReport_2017-05_6.pdf,2017-05,Meat/Poultry,6,Alice Mutton,73,0,39
StockReport_2017-05_6.pdf,2017-05,Meat/Poultry,6,Tourtière,49,21,7.45
StockReport_2017-05_6.pdf,2017-05,Meat/Poultry,6,Pâté chinois,14,115,24
StockReport_2017-05_7.pdf,2017-05,Produce,7,Uncle Bob's Organic Dried Pears,10,15,30
StockReport_2017-05_7.pdf,2017-05,Produce,7,Rössle Sauerkraut,7,26,45.6
StockReport_2017-05_7.pdf,2017-05,Produce,7,Manjimup Dried Apples,54,20,53
StockReport_2017-05_8.pdf,2017-05,Seafood,8,Ikura,2,31,31
StockReport_2017-05_8.pdf,2017-05,Seafood,8,Konbu,18,24,6
StockReport_2017-05_8.pdf,2017-05,Seafood,8,Nord-Ost Matjeshering,35,10,25.89
StockReport_2017-05_8.pdf,2017-05,Seafood,8,Inlagd Sill,120,112,19
StockReport_2017-05_8.pdf,2017-05,Seafood,8,Gravad lax,18,11,26
StockReport_2017-05_8.pdf,2017-05,Seafood,8,Boston Crab Meat,35,123,18.4
StockReport_2017-05_8.pdf,2017-05,Seafood,8,Jack's New England Clam Chowder,20,85,9.65
StockReport_2017-05_8.pdf,2017-05,Seafood,8,Rogede sild,100,5,9.5
StockReport_2017-05_8.pdf,2017-05,Seafood,8,Escargots de Bourgogne,20,62,13.25
StockReport_2017-05_8.pdf,2017-05,Seafood,8,Röd Kaviar,33,101,15
StockReport_2017-06_1.pdf,2017-06,Beverages,1,Chai,10,39,18
StockReport_2017-06_1.pdf,2017-06,Beverages,1,Guaraná Fantástica,43,20,4.5
StockReport_2017-06_1.pdf,2017-06,Beverages,1,Sasquatch Ale,40,111,14
StockReport_2017-06_1.pdf,2017-06,Beverages,1,Steeleye Stout,20,20,18
StockReport_2017-06_1.pdf,2017-06,Beverages,1,Chartreuse verte,10,69,18
StockReport_2017-06_1.pdf,2017-06,Beverages,1,Rhönbräu Klosterbier,126,125,7.75
StockReport_2017-06_1.pdf,2017-06,Beverages,1,Lakkalikööri,64,57,18
StockReport_2017-06_2.pdf,2017-06,Condiments,2,Genen Shouyu,10,39,15.5
StockReport_2017-06_2.pdf,2017-06,Condiments,2,Gula Malacca,31,27,19.45
StockReport_2017-06_2.pdf,2017-06,Condiments,2,Vegie-spread,6,24,43.9
StockReport_2017-06_2.pdf,2017-06,Condiments,2,Louisiana Fiery Hot Pepper Sauce,30,76,21.05
StockReport_2017-06_2.pdf,2017-06,Condiments,2,Original Frankfurter grüne Soße,18,32,13
StockReport_2017-06_3.pdf,2017-06,Confections,3,Pavlova,12,29,17.45
StockReport_2017-06_3.pdf,2017-06,Confections,3,Teatime Chocolate Biscuits,35,25,9.2
StockReport_2017-06_3.pdf,2017-06,Confections,3,Zaanse koeken,25,36,9.5
StockReport_2017-06_3.pdf,2017-06,Confections,3,Tarte au sucre,35,17,49.3
StockReport_2017-06_4.pdf,2017-06,Dairy Products,4,Queso Cabrales,50,22,21
StockReport_2017-06_4.pdf,2017-06,Dairy Products,4,Gorgonzola Telino,171,0,12.5
StockReport_2017-06_4.pdf,2017-06,Dairy Products,4,Mascarpone Fabioli,10,9,32
StockReport_2017-06_4.pdf,2017-06,Dairy Products,4,Geitost,34,112,2.5
StockReport_2017-06_4.pdf,2017-06,Dairy Products,4,Raclette Courdavault,52,79,55
StockReport_2017-06_4.pdf,2017-06,Dairy Products,4,Camembert Pierrot,24,19,34
StockReport_2017-06_4.pdf,2017-06,Dairy Products,4,Gudbrandsdalsost,10,26,36
StockReport_2017-06_4.pdf,2017-06,Dairy Products,4,Mozzarella di Giovanni,54,14,34.8
StockReport_2017-06_5.pdf,2017-06,Grains/Cereals,5,Singaporean Hokkien Fried Mee,28,26,14
StockReport_2017-06_5.pdf,2017-06,Grains/Cereals,5,Filo Mix,100,38,7
StockReport_2017-06_5.pdf,2017-06,Grains/Cereals,5,Gnocchi di nonna Alice,100,21,38
StockReport_2017-06_5.pdf,2017-06,Grains/Cereals,5,Ravioli Angelo,10,36,19.5
StockReport_2017-06_5.pdf,2017-06,Grains/Cereals,5,Wimmers gute Semmelknödel,54,22,33.25
StockReport_2017-06_6.pdf,2017-06,Meat/Poultry,6,Alice Mutton,34,0,39
StockReport_2017-06_6.pdf,2017-06,Meat/Poultry,6,Thüringer Rostbratwurst,10,0,123.79
StockReport_2017-06_6.pdf,2017-06,Meat/Poultry,6,Perth Pasties,43,0,32.8
StockReport_2017-06_6.pdf,2017-06,Meat/Poultry,6,Pâté chinois,43,115,24
StockReport_2017-06_7.pdf,2017-06,Produce,7,Tofu,56,35,23.25
StockReport_2017-06_7.pdf,2017-06,Produce,7,Manjimup Dried Apples,93,20,53
StockReport_2017-06_8.pdf,2017-06,Seafood,8,Ikura,5,31,31
StockReport_2017-06_8.pdf,2017-06,Seafood,8,Carnarvon Tigers,18,42,62.5
StockReport_2017-06_8.pdf,2017-06,Seafood,8,Nord-Ost Matjeshering,20,10,25.89
StockReport_2017-06_8.pdf,2017-06,Seafood,8,Inlagd Sill,25,112,19
StockReport_2017-06_8.pdf,2017-06,Seafood,8,Boston Crab Meat,52,123,18.4
StockReport_2017-06_8.pdf,2017-06,Seafood,8,Jack's New England Clam Chowder,21,85,9.65
StockReport_2017-06_8.pdf,2017-06,Seafood,8,Röd Kaviar,3,101,15
StockReport_2017-07_1.pdf,2017-07,Beverages,1,Chai,29,39,18
StockReport_2017-07_1.pdf,2017-07,Beverages,1,Chang,10,17,19
StockReport_2017-07_1.pdf,2017-07,Beverages,1,Guaraná Fantástica,35,20,4.5
StockReport_2017-07_1.pdf,2017-07,Beverages,1,Steeleye Stout,54,20,18
StockReport_2017-07_1.pdf,2017-07,Beverages,1,Côte de Blaye,15,17,263.5
StockReport_2017-07_1.pdf,2017-07,Beverages,1,Chartreuse verte,5,69,18
StockReport_2017-07_1.pdf,2017-07,Beverages,1,Outback Lager,15,15,15
StockReport_2017-07_1.pdf,2017-07,Beverages,1,Rhönbräu Klosterbier,70,125,7.75
StockReport_2017-07_1.pdf,2017-07,Beverages,1,Lakkalikööri,94,57,18
StockReport_2017-07_2.pdf,2017-07,Condiments,2,Aniseed Syrup,14,13,10
StockReport_2017-07_2.pdf,2017-07,Condiments,2,Chef Anton's Cajun Seasoning,20,53,22
StockReport_2017-07_2.pdf,2017-07,Condiments,2,Genen Shouyu,25,39,15.5
StockReport_2017-07_2.pdf,2017-07,Condiments,2,Sirop d'érable,120,113,28.5
StockReport_2017-07_2.pdf,2017-07,Condiments,2,Vegie-spread,24,24,43.9
StockReport_2017-07_2.pdf,2017-07,Condiments,2,Louisiana Fiery Hot Pepper Sauce,12,76,21.05
StockReport_2017-07_2.pdf,2017-07,Condiments,2,Original Frankfurter grüne Soße,85,32,13
StockReport_2017-07_3.pdf,2017-07,Confections,3,Pavlova,30,29,17.45
StockReport_2017-07_3.pdf,2017-07,Confections,3,Sir Rodney's Marmalade,21,40,81
StockReport_2017-07_3.pdf,2017-07,Confections,3,Sir Rodney's Scones,14,3,10
StockReport_2017-07_3.pdf,2017-07,Confections,3,Gumbär Gummibärchen,11,15,31.23
StockReport_2017-07_3.pdf,2017-07,Confections,3,Schoggi Schokolade,50,49,43.9
StockReport_2017-07_3.pdf,2017-07,Confections,3,Zaanse koeken,15,36,9.5
StockReport_2017-07_3.pdf,2017-07,Confections,3,Chocolade,6,15,12.75
StockReport_2017-07_3.pdf,2017-07,Confections,3,Maxilaku,43,10,20
StockReport_2017-07_3.pdf,2017-07,Confections,3,Tarte au sucre,20,17,49.3
StockReport_2017-07_4.pdf,2017-07,Dairy Products,4,Queso Cabrales,14,22,21
StockReport_2017-07_4.pdf,2017-07,Dairy Products,4,Geitost,14,112,2.5
StockReport_2017-07_4.pdf,2017-07,Dairy Products,4,Raclette Courdavault,85,79,55
StockReport_2017-07_4.pdf,2017-07,Dairy Products,4,Camembert Pierrot,125,19,34
StockReport_2017-07_4.pdf,2017-07,Dairy Products,4,Gudbrandsdalsost,85,26,36
StockReport_2017-07_4.pdf,2017-07,Dairy Products,4,Flotemysost,39,26,21.5
StockReport_2017-07_4.pdf,2017-07,Dairy Products,4,Mozzarella di Giovanni,12,14,34.8
StockReport_2017-07_5.pdf,2017-07,Grains/Cereals,5,Gustaf's Knäckebröd,48,104,21
StockReport_2017-07_5.pdf,2017-07,Grains/Cereals,5,Singaporean Hokkien Fried Mee,100,26,14
StockReport_2017-07_5.pdf,2017-07,Grains/Cereals,5,Filo Mix,28,38,7
StockReport_2017-07_5.pdf,2017-07,Grains/Cereals,5,Gnocchi di nonna Alice,47,21,38
StockReport_2017-07_5.pdf,2017-07,Grains/Cereals,5,Ravioli Angelo,20,36,19.5
StockReport_2017-07_6.pdf,2017-07,Meat/Poultry,6,Alice Mutton,100,0,39
StockReport_2017-07_6.pdf,2017-07,Meat/Poultry,6,Tourtière,54,21,7.45
StockReport_2017-07_6.pdf,2017-07,Meat/Poultry,6,Pâté chinois,25,115,24
StockReport_2017-07_7.pdf,2017-07,Produce,7,Uncle Bob's Organic Dried Pears,55,15,30
StockReport_2017-07_8.pdf,2017-07,Seafood,8,Ikura,80,31,31
StockReport_2017-07_8.pdf,2017-07,Seafood,8,Konbu,68,24,6
StockReport_2017-07_8.pdf,2017-07,Seafood,8,Carnarvon Tigers,40,42,62.5
StockReport_2017-07_8.pdf,2017-07,Seafood,8,Inlagd Sill,76,112,19
StockReport_2017-07_8.pdf,2017-07,Seafood,8,Boston Crab Meat,42,123,18.4
StockReport_2017-07_8.pdf,2017-07,Seafood,8,Escargots de Bourgogne,30,62,13.25
StockReport_2017-07_8.pdf,2017-07,Seafood,8,Röd Kaviar,30,101,15
StockReport_2017-08_1.pdf,2017-08,Beverages,1,Chai,40,39,18
StockReport_2017-08_1.pdf,2017-08,Beverages,1,Chang,100,17,19
StockReport_2017-08_1.pdf,2017-08,Beverages,1,Guaraná Fantástica,23,20,4.5
StockReport_2017-08_1.pdf,2017-08,Beverages,1,Steeleye Stout,30,20,18
StockReport_2017-08_1.pdf,2017-08,Beverages,1,Chartreuse verte,41,69,18
StockReport_2017-08_1.pdf,2017-08,Beverages,1,Ipoh Coffee,20,17,46
StockReport_2017-08_1.pdf,2017-08,Beverages,1,Outback Lager,35,15,15
StockReport_2017-08_1.pdf,2017-08,Beverages,1,Rhönbräu Klosterbier,10,125,7.75
StockReport_2017-08_1.pdf,2017-08,Beverages,1,Lakkalikööri,35,57,18
StockReport_2017-08_2.pdf,2017-08,Condiments,2,Chef Anton's Cajun Seasoning,35,53,22
StockReport_2017-08_2.pdf,2017-08,Condiments,2,Chef Anton's Gumbo Mix,15,0,21.35
StockReport_2017-08_2.pdf,2017-08,Condiments,2,Grandma's Boysenberry Spread,70,120,25
StockReport_2017-08_2.pdf,2017-08,Condiments,2,Gula Malacca,10,27,19.45
StockReport_2017-08_2.pdf,2017-08,Condiments,2,Sirop d'érable,20,113,28.5
StockReport_2017-08_2.pdf,2017-08,Condiments,2,Louisiana Fiery Hot Pepper Sauce,21,76,21.05
StockReport_2017-08_2.pdf,2017-08,Condiments,2,Original Frankfurter grüne Soße,35,32,13
StockReport_2017-08_3.pdf,2017-08,Confections,3,Teatime Chocolate Biscuits,50,25,9.2
StockReport_2017-08_3.pdf,2017-08,Confections,3,Sir Rodney's Scones,97,3,10
StockReport_2017-08_3.pdf,2017-08,Confections,3,Gumbär Gummibärchen,35,15,31.23
StockReport_2017-08_3.pdf,2017-08,Confections,3,Valkoinen suklaa,25,65,16.25
StockReport_2017-08_3.pdf,2017-08,Confections,3,Tarte au sucre,95,17,49.3
StockReport_2017-08_3.pdf,2017-08,Confections,3,Scottish Longbreads,33,6,12.5
StockReport_2017-08_4.pdf,2017-08,Dairy Products,4,Queso Cabrales,10,22,21
StockReport_2017-08_4.pdf,2017-08,Dairy Products,4,Queso Manchego La Pastora,36,86,38
StockReport_2017-08_4.pdf,2017-08,Dairy Products,4,Geitost,20,112,2.5
StockReport_2017-08_4.pdf,2017-08,Dairy Products,4,Camembert Pierrot,30,19,34
StockReport_2017-08_4.pdf,2017-08,Dairy Products,4,Gudbrandsdalsost,20,26,36
StockReport_2017-08_4.pdf,2017-08,Dairy Products,4,Flotemysost,65,26,21.5
StockReport_2017-08_4.pdf,2017-08,Dairy Products,4,Mozzarella di Giovanni,75,14,34.8
StockReport_2017-08_5.pdf,2017-08,Grains/Cereals,5,Gustaf's Knäckebröd,95,104,21
StockReport_2017-08_5.pdf,2017-08,Grains/Cereals,5,Tunnbröd,10,61,9
StockReport_2017-08_5.pdf,2017-08,Grains/Cereals,5,Singaporean Hokkien Fried Mee,5,26,14
StockReport_2017-08_5.pdf,2017-08,Grains/Cereals,5,Filo Mix,5,38,7
StockReport_2017-08_5.pdf,2017-08,Grains/Cereals,5,Gnocchi di nonna Alice,80,21,38
StockReport_2017-08_5.pdf,2017-08,Grains/Cereals,5,Wimmers gute Semmelknödel,9,22,33.25
StockReport_2017-08_6.pdf,2017-08,Meat/Poultry,6,Thüringer Rostbratwurst,26,0,123.79
StockReport_2017-08_6.pdf,2017-08,Meat/Poultry,6,Perth Pasties,37,0,32.8
StockReport_2017-08_6.pdf,2017-08,Meat/Poultry,6,Tourtière,30,21,7.45
StockReport_2017-08_6.pdf,2017-08,Meat/Poultry,6,Pâté chinois,12,115,24
StockReport_2017-08_7.pdf,2017-08,Produce,7,Uncle Bob's Organic Dried Pears,35,15,30
StockReport_2017-08_7.pdf,2017-08,Produce,7,Tofu,24,35,23.25
StockReport_2017-08_7.pdf,2017-08,Produce,7,Rössle Sauerkraut,45,26,45.6
StockReport_2017-08_7.pdf,2017-08,Produce,7,Manjimup Dried Apples,15,20,53
StockReport_2017-08_8.pdf,2017-08,Seafood,8,Ikura,18,31,31
StockReport_2017-08_8.pdf,2017-08,Seafood,8,Konbu,13,24,6
StockReport_2017-08_8.pdf,2017-08,Seafood,8,Carnarvon Tigers,82,42,62.5
StockReport_2017-08_8.pdf,2017-08,Seafood,8,Nord-Ost Matjeshering,30,10,25.89
StockReport_2017-08_8.pdf,2017-08,Seafood,8,Inlagd Sill,15,112,19
StockReport_2017-08_8.pdf,2017-08,Seafood,8,Boston Crab Meat,60,123,18.4
StockReport_2017-08_8.pdf,2017-08,Seafood,8,Rogede sild,20,5,9.5
StockReport_2017-08_8.pdf,2017-08,Seafood,8,Spegesild,23,95,12
StockReport_2017-08_8.pdf,2017-08,Seafood,8,Escargots de Bourgogne,6,62,13.25
StockReport_2017-08_8.pdf,2017-08,Seafood,8,Röd Kaviar,35,101,15
StockReport_2017-09_1.pdf,2017-09,Beverages,1,Côte de Blaye,15,17,263.5
StockReport_2017-09_1.pdf,2017-09,Beverages,1,Chartreuse verte,23,69,18
StockReport_2017-09_1.pdf,2017-09,Beverages,1,Ipoh Coffee,6,17,46
StockReport_2017-09_1.pdf,2017-09,Beverages,1,Laughing Lumberjack Lager,25,52,14
StockReport_2017-09_1.pdf,2017-09,Beverages,1,Outback Lager,40,15,15
StockReport_2017-09_1.pdf,2017-09,Beverages,1,Rhönbräu Klosterbier,55,125,7.75
StockReport_2017-09_1.pdf,2017-09,Beverages,1,Lakkalikööri,10,57,18
StockReport_2017-09_2.pdf,2017-09,Condiments,2,Chef Anton's Cajun Seasoning,12,53,22
StockReport_2017-09_2.pdf,2017-09,Condiments,2,Genen Shouyu,50,39,15.5
StockReport_2017-09_2.pdf,2017-09,Condiments,2,Gula Malacca,49,27,19.45
StockReport_2017-09_2.pdf,2017-09,Condiments,2,Louisiana Fiery Hot Pepper Sauce,37,76,21.05
StockReport_2017-09_2.pdf,2017-09,Condiments,2,Louisiana Hot Spiced Okra,4,4,17
StockReport_2017-09_2.pdf,2017-09,Condiments,2,Original Frankfurter grüne Soße,70,32,13
StockReport_2017-09_3.pdf,2017-09,Confections,3,Pavlova,93,29,17.45
StockReport_2017-09_3.pdf,2017-09,Confections,3,Teatime Chocolate Biscuits,49,25,9.2
StockReport_2017-09_3.pdf,2017-09,Confections,3,Sir Rodney's Marmalade,21,40,81
StockReport_2017-09_3.pdf,2017-09,Confections,3,Sir Rodney's Scones,72,3,10
StockReport_2017-09_3.pdf,2017-09,Confections,3,Gumbär Gummibärchen,45,15,31.23
StockReport_2017-09_3.pdf,2017-09,Confections,3,Zaanse koeken,71,36,9.5
StockReport_2017-09_3.pdf,2017-09,Confections,3,Tarte au sucre,10,17,49.3
StockReport_2017-09_3.pdf,2017-09,Confections,3,Scottish Longbreads,10,6,12.5
StockReport_2017-09_4.pdf,2017-09,Dairy Products,4,Queso Manchego La Pastora,100,86,38
StockReport_2017-09_4.pdf,2017-09,Dairy Products,4,Gorgonzola Telino,48,0,12.5
StockReport_2017-09_4.pdf,2017-09,Dairy Products,4,Geitost,68,112,2.5
StockReport_2017-09_4.pdf,2017-09,Dairy Products,4,Raclette Courdavault,13,79,55
StockReport_2017-09_4.pdf,2017-09,Dairy Products,4,Camembert Pierrot,135,19,34
StockReport_2017-09_4.pdf,2017-09,Dairy Products,4,Gudbrandsdalsost,45,26,36
StockReport_2017-09_4.pdf,2017-09,Dairy Products,4,Flotemysost,26,26,21.5
StockReport_2017-09_5.pdf,2017-09,Grains/Cereals,5,Gustaf's Knäckebröd,20,104,21
StockReport_2017-09_5.pdf,2017-09,Grains/Cereals,5,Tunnbröd,37,61,9
StockReport_2017-09_5.pdf,2017-09,Grains/Cereals,5,Singaporean Hokkien Fried Mee,96,26,14
StockReport_2017-09_5.pdf,2017-09,Grains/Cereals,5,Filo Mix,9,38,7
StockReport_2017-09_5.pdf,2017-09,Grains/Cereals,5,Gnocchi di nonna Alice,57,21,38
StockReport_2017-09_5.pdf,2017-09,Grains/Cereals,5,Wimmers gute Semmelknödel,43,22,33.25
StockReport_2017-09_6.pdf,2017-09,Meat/Poultry,6,Mishi Kobe Niku,50,29,97
StockReport_2017-09_6.pdf,2017-09,Meat/Poultry,6,Alice Mutton,30,0,39
StockReport_2017-09_6.pdf,2017-09,Meat/Poultry,6,Thüringer Rostbratwurst,46,0,123.79
StockReport_2017-09_6.pdf,2017-09,Meat/Poultry,6,Perth Pasties,10,0,32.8
StockReport_2017-09_6.pdf,2017-09,Meat/Poultry,6,Tourtière,36,21,7.45
StockReport_2017-09_6.pdf,2017-09,Meat/Poultry,6,Pâté chinois,4,115,24
StockReport_2017-09_7.pdf,2017-09,Produce,7,Tofu,33,35,23.25
StockReport_2017-09_7.pdf,2017-09,Produce,7,Manjimup Dried Apples,40,20,53
StockReport_2017-09_8.pdf,2017-09,Seafood,8,Ikura,46,31,31
StockReport_2017-09_8.pdf,2017-09,Seafood,8,Nord-Ost Matjeshering,2,10,25.89
StockReport_2017-09_8.pdf,2017-09,Seafood,8,Inlagd Sill,36,112,19
StockReport_2017-09_8.pdf,2017-09,Seafood,8,Boston Crab Meat,144,123,18.4
StockReport_2017-09_8.pdf,2017-09,Seafood,8,Jack's New England Clam Chowder,168,85,9.65
StockReport_2017-09_8.pdf,2017-09,Seafood,8,Spegesild,105,95,12
StockReport_2017-09_8.pdf,2017-09,Seafood,8,Escargots de Bourgogne,79,62,13.25
StockReport_2017-09_8.pdf,2017-09,Seafood,8,Röd Kaviar,50,101,15
StockReport_2017-10_1.pdf,2017-10,Beverages,1,Chai,70,39,18
StockReport_2017-10_1.pdf,2017-10,Beverages,1,Chang,38,17,19
StockReport_2017-10_1.pdf,2017-10,Beverages,1,Guaraná Fantástica,55,20,4.5
StockReport_2017-10_1.pdf,2017-10,Beverages,1,Sasquatch Ale,26,111,14
StockReport_2017-10_1.pdf,2017-10,Beverages,1,Steeleye Stout,30,20,18
StockReport_2017-10_1.pdf,2017-10,Beverages,1,Ipoh Coffee,64,17,46
StockReport_2017-10_1.pdf,2017-10,Beverages,1,Outback Lager,116,15,15
StockReport_2017-10_1.pdf,2017-10,Beverages,1,Rhönbräu Klosterbier,42,125,7.75
StockReport_2017-10_1.pdf,2017-10,Beverages,1,Lakkalikööri,50,57,18
StockReport_2017-10_2.pdf,2017-10,Condiments,2,Aniseed Syrup,6,13,10
StockReport_2017-10_2.pdf,2017-10,Condiments,2,Chef Anton's Cajun Seasoning,6,53,22
StockReport_2017-10_2.pdf,2017-10,Condiments,2,Chef Anton's Gumbo Mix,4,0,21.35
StockReport_2017-10_2.pdf,2017-10,Condiments,2,Northwoods Cranberry Sauce,50,6,40
StockReport_2017-10_2.pdf,2017-10,Condiments,2,Gula Malacca,74,27,19.45
StockReport_2017-10_2.pdf,2017-10,Condiments,2,Sirop d'érable,15,113,28.5
StockReport_2017-10_2.pdf,2017-10,Condiments,2,Vegie-spread,20,24,43.9
StockReport_2017-10_2.pdf,2017-10,Condiments,2,Louisiana Fiery Hot Pepper Sauce,65,76,21.05
StockReport_2017-10_2.pdf,2017-10,Condiments,2,Original Frankfurter grüne Soße,30,32,13
StockReport_2017-10_3.pdf,2017-10,Confections,3,Pavlova,40,29,17.45
StockReport_2017-10_3.pdf,2017-10,Confections,3,Teatime Chocolate Biscuits,24,25,9.2
StockReport_2017-10_3.pdf,2017-10,Confections,3,Sir Rodney's Scones,37,3,10
StockReport_2017-10_3.pdf,2017-10,Confections,3,Gumbär Gummibärchen,45,15,31.23
StockReport_2017-10_3.pdf,2017-10,Confections,3,Zaanse koeken,67,36,9.5
StockReport_2017-10_3.pdf,2017-10,Confections,3,Chocolade,24,15,12.75
StockReport_2017-10_3.pdf,2017-10,Confections,3,Tarte au sucre,68,17,49.3
StockReport_2017-10_3.pdf,2017-10,Confections,3,Scottish Longbreads,85,6,12.5
StockReport_2017-10_4.pdf,2017-10,Dairy Products,4,Queso Cabrales,15,22,21
StockReport_2017-10_4.pdf,2017-10,Dairy Products,4,Queso Manchego La Pastora,40,86,38
StockReport_2017-10_4.pdf,2017-10,Dairy Products,4,Gorgonzola Telino,70,0,12.5
StockReport_2017-10_4.pdf,2017-10,Dairy Products,4,Mascarpone Fabioli,4,9,32
StockReport_2017-10_4.pdf,2017-10,Dairy Products,4,Raclette Courdavault,110,79,55
StockReport_2017-10_4.pdf,2017-10,Dairy Products,4,Camembert Pierrot,10,19,34
StockReport_2017-10_4.pdf,2017-10,Dairy Products,4,Gudbrandsdalsost,55,26,36
StockReport_2017-10_4.pdf,2017-10,Dairy Products,4,Flotemysost,118,26,21.5
StockReport_2017-10_5.pdf,2017-10,Grains/Cereals,5,Filo Mix,4,38,7
StockReport_2017-10_5.pdf,2017-10,Grains/Cereals,5,Gnocchi di nonna Alice,68,21,38
StockReport_2017-10_5.pdf,2017-10,Grains/Cereals,5,Ravioli Angelo,40,36,19.5
StockReport_2017-10_6.pdf,2017-10,Meat/Poultry,6,Mishi Kobe Niku,6,29,97
StockReport_2017-10_6.pdf,2017-10,Meat/Poultry,6,Alice Mutton,55,0,39
StockReport_2017-10_6.pdf,2017-10,Meat/Poultry,6,Thüringer Rostbratwurst,52,0,123.79
StockReport_2017-10_6.pdf,2017-10,Meat/Poultry,6,Perth Pasties,123,0,32.8
StockReport_2017-10_6.pdf,2017-10,Meat/Poultry,6,Tourtière,115,21,7.45
StockReport_2017-10_6.pdf,2017-10,Meat/Poultry,6,Pâté chinois,27,115,24
StockReport_2017-10_7.pdf,2017-10,Produce,7,Uncle Bob's Organic Dried Pears,90,15,30
StockReport_2017-10_7.pdf,2017-10,Produce,7,Rössle Sauerkraut,60,26,45.6
StockReport_2017-10_7.pdf,2017-10,Produce,7,Manjimup Dried Apples,35,20,53
StockReport_2017-10_8.pdf,2017-10,Seafood,8,Ikura,73,31,31
StockReport_2017-10_8.pdf,2017-10,Seafood,8,Carnarvon Tigers,12,42,62.5
StockReport_2017-10_8.pdf,2017-10,Seafood,8,Nord-Ost Matjeshering,3,10,25.89
StockReport_2017-10_8.pdf,2017-10,Seafood,8,Inlagd Sill,45,112,19
StockReport_2017-10_8.pdf,2017-10,Seafood,8,Jack's New England Clam Chowder,54,85,9.65
StockReport_2017-10_8.pdf,2017-10,Seafood,8,Rogede sild,110,5,9.5
StockReport_2017-10_8.pdf,2017-10,Seafood,8,Spegesild,42,95,12
StockReport_2017-10_8.pdf,2017-10,Seafood,8,Escargots de Bourgogne,42,62,13.25
StockReport_2017-10_8.pdf,2017-10,Seafood,8,Röd Kaviar,50,101,15
StockReport_2017-11_1.pdf,2017-11,Beverages,1,Chai,58,39,18
StockReport_2017-11_1.pdf,2017-11,Beverages,1,Chang,15,17,19
StockReport_2017-11_1.pdf,2017-11,Beverages,1,Sasquatch Ale,30,111,14
StockReport_2017-11_1.pdf,2017-11,Beverages,1,Steeleye Stout,35,20,18
StockReport_2017-11_1.pdf,2017-11,Beverages,1,Outback Lager,40,15,15
StockReport_2017-11_1.pdf,2017-11,Beverages,1,Rhönbräu Klosterbier,20,125,7.75
StockReport_2017-11_1.pdf,2017-11,Beverages,1,Lakkalikööri,50,57,18
StockReport_2017-11_2.pdf,2017-11,Condiments,2,Aniseed Syrup,20,13,10
StockReport_2017-11_2.pdf,2017-11,Condiments,2,Chef Anton's Cajun Seasoning,25,53,22
StockReport_2017-11_2.pdf,2017-11,Condiments,2,Grandma's Boysenberry Spread,30,120,25
StockReport_2017-11_2.pdf,2017-11,Condiments,2,Gula Malacca,16,27,19.45
StockReport_2017-11_2.pdf,2017-11,Condiments,2,Sirop d'érable,20,113,28.5
StockReport_2017-11_2.pdf,2017-11,Condiments,2,Vegie-spread,9,24,43.9
StockReport_2017-11_2.pdf,2017-11,Condiments,2,Louisiana Fiery Hot Pepper Sauce,50,76,21.05
StockReport_2017-11_2.pdf,2017-11,Condiments,2,Original Frankfurter grüne Soße,2,32,13
StockReport_2017-11_3.pdf,2017-11,Confections,3,Pavlova,18,29,17.45
StockReport_2017-11_3.pdf,2017-11,Confections,3,Sir Rodney's Scones,70,3,10
StockReport_2017-11_3.pdf,2017-11,Confections,3,Gumbär Gummibärchen,32,15,31.23
StockReport_2017-11_3.pdf,2017-11,Confections,3,Zaanse koeken,30,36,9.5
StockReport_2017-11_3.pdf,2017-11,Confections,3,Valkoinen suklaa,60,65,16.25
StockReport_2017-11_3.pdf,2017-11,Confections,3,Tarte au sucre,39,17,49.3
StockReport_2017-11_3.pdf,2017-11,Confections,3,Scottish Longbreads,6,6,12.5
StockReport_2017-11_4.pdf,2017-11,Dairy Products,4,Queso Cabrales,5,22,21
StockReport_2017-11_4.pdf,2017-11,Dairy Products,4,Gorgonzola Telino,11,0,12.5
StockReport_2017-11_4.pdf,2017-11,Dairy Products,4,Mascarpone Fabioli,10,9,32
StockReport_2017-11_4.pdf,2017-11,Dairy Products,4,Raclette Courdavault,93,79,55
StockReport_2017-11_4.pdf,2017-11,Dairy Products,4,Camembert Pierrot,65,19,34
StockReport_2017-11_4.pdf,2017-11,Dairy Products,4,Gudbrandsdalsost,118,26,36
StockReport_2017-11_4.pdf,2017-11,Dairy Products,4,Mozzarella di Giovanni,42,14,34.8
StockReport_2017-11_5.pdf,2017-11,Grains/Cereals,5,Tunnbröd,44,61,9
StockReport_2017-11_5.pdf,2017-11,Grains/Cereals,5,Singaporean Hokkien Fried Mee,28,26,14
StockReport_2017-11_5.pdf,2017-11,Grains/Cereals,5,Filo Mix,103,38,7
StockReport_2017-11_5.pdf,2017-11,Grains/Cereals,5,Gnocchi di nonna Alice,97,21,38
StockReport_2017-11_5.pdf,2017-11,Grains/Cereals,5,Ravioli Angelo,14,36,19.5
StockReport_2017-11_5.pdf,2017-11,Grains/Cereals,5,Wimmers gute Semmelknödel,24,22,33.25
StockReport_2017-11_6.pdf,2017-11,Meat/Poultry,6,Alice Mutton,20,0,39
StockReport_2017-11_6.pdf,2017-11,Meat/Poultry,6,Pâté chinois,12,115,24
StockReport_2017-11_7.pdf,2017-11,Produce,7,Tofu,21,35,23.25
StockReport_2017-11_7.pdf,2017-11,Produce,7,Rössle Sauerkraut,25,26,45.6
StockReport_2017-11_7.pdf,2017-11,Produce,7,Manjimup Dried Apples,30,20,53
StockReport_2017-11_7.pdf,2017-11,Produce,7,Longlife Tofu,5,4,10
StockReport_2017-11_8.pdf,2017-11,Seafood,8,Konbu,10,24,6
StockReport_2017-11_8.pdf,2017-11,Seafood,8,Carnarvon Tigers,45,42,62.5
StockReport_2017-11_8.pdf,2017-11,Seafood,8,Nord-Ost Matjeshering,60,10,25.89
StockReport_2017-11_8.pdf,2017-11,Seafood,8,Inlagd Sill,26,112,19
StockReport_2017-11_8.pdf,2017-11,Seafood,8,Boston Crab Meat,99,123,18.4
StockReport_2017-11_8.pdf,2017-11,Seafood,8,Jack's New England Clam Chowder,47,85,9.65
StockReport_2017-11_8.pdf,2017-11,Seafood,8,Rogede sild,84,5,9.5
StockReport_2017-11_8.pdf,2017-11,Seafood,8,Spegesild,28,95,12
StockReport_2017-11_8.pdf,2017-11,Seafood,8,Röd Kaviar,15,101,15
StockReport_2017-12_1.pdf,2017-12,Beverages,1,Chang,85,17,19
StockReport_2017-12_1.pdf,2017-12,Beverages,1,Guaraná Fantástica,40,20,4.5
StockReport_2017-12_1.pdf,2017-12,Beverages,1,Sasquatch Ale,10,111,14
StockReport_2017-12_1.pdf,2017-12,Beverages,1,Steeleye Stout,15,20,18
StockReport_2017-12_1.pdf,2017-12,Beverages,1,Côte de Blaye,15,17,263.5
StockReport_2017-12_1.pdf,2017-12,Beverages,1,Chartreuse verte,148,69,18
StockReport_2017-12_1.pdf,2017-12,Beverages,1,Ipoh Coffee,30,17,46
StockReport_2017-12_1.pdf,2017-12,Beverages,1,Laughing Lumberjack Lager,3,52,14
StockReport_2017-12_1.pdf,2017-12,Beverages,1,Outback Lager,35,15,15
StockReport_2017-12_1.pdf,2017-12,Beverages,1,Rhönbräu Klosterbier,117,125,7.75
StockReport_2017-12_2.pdf,2017-12,Condiments,2,Aniseed Syrup,20,13,10
StockReport_2017-12_2.pdf,2017-12,Condiments,2,Northwoods Cranberry Sauce,30,6,40
StockReport_2017-12_2.pdf,2017-12,Condiments,2,Gula Malacca,10,27,19.45
StockReport_2017-12_2.pdf,2017-12,Condiments,2,Sirop d'érable,20,113,28.5
StockReport_2017-12_2.pdf,2017-12,Condiments,2,Vegie-spread,30,24,43.9
StockReport_2017-12_2.pdf,2017-12,Condiments,2,Louisiana Fiery Hot Pepper Sauce,82,76,21.05
StockReport_2017-12_2.pdf,2017-12,Condiments,2,Louisiana Hot Spiced Okra,50,4,17
StockReport_2017-12_2.pdf,2017-12,Condiments,2,Original Frankfurter grüne Soße,15,32,13
StockReport_2017-12_3.pdf,2017-12,Confections,3,Pavlova,85,29,17.45
StockReport_2017-12_3.pdf,2017-12,Confections,3,Teatime Chocolate Biscuits,74,25,9.2
StockReport_2017-12_3.pdf,2017-12,Confections,3,Sir Rodney's Scones,40,3,10
StockReport_2017-12_3.pdf,2017-12,Confections,3,NuNuCa Nuß-Nougat-Creme,62,76,14
StockReport_2017-12_3.pdf,2017-12,Confections,3,Gumbär Gummibärchen,21,15,31.23
StockReport_2017-12_3.pdf,2017-12,Confections,3,Schoggi Schokolade,40,49,43.9
StockReport_2017-12_3.pdf,2017-12,Confections,3,Zaanse koeken,30,36,9.5
StockReport_2017-12_3.pdf,2017-12,Confections,3,Maxilaku,4,10,20
StockReport_2017-12_3.pdf,2017-12,Confections,3,Tarte au sucre,42,17,49.3
StockReport_2017-12_3.pdf,2017-12,Confections,3,Scottish Longbreads,73,6,12.5
StockReport_2017-12_4.pdf,2017-12,Dairy Products,4,Queso Cabrales,85,22,21
StockReport_2017-12_4.pdf,2017-12,Dairy Products,4,Gorgonzola Telino,149,0,12.5
StockReport_2017-12_4.pdf,2017-12,Dairy Products,4,Raclette Courdavault,65,79,55
StockReport_2017-12_4.pdf,2017-12,Dairy Products,4,Camembert Pierrot,15,19,34
StockReport_2017-12_4.pdf,2017-12,Dairy Products,4,Gudbrandsdalsost,24,26,36
StockReport_2017-12_4.pdf,2017-12,Dairy Products,4,Flotemysost,28,26,21.5
StockReport_2017-12_4.pdf,2017-12,Dairy Products,4,Mozzarella di Giovanni,40,14,34.8
StockReport_2017-12_5.pdf,2017-12,Grains/Cereals,5,Gustaf's Knäckebröd,10,104,21
StockReport_2017-12_5.pdf,2017-12,Grains/Cereals,5,Singaporean Hokkien Fried Mee,34,26,14
StockReport_2017-12_5.pdf,2017-12,Grains/Cereals,5,Filo Mix,23,38,7
StockReport_2017-12_5.pdf,2017-12,Grains/Cereals,5,Gnocchi di nonna Alice,100,21,38
StockReport_2017-12_5.pdf,2017-12,Grains/Cereals,5,Wimmers gute Semmelknödel,35,22,33.25
StockReport_2017-12_6.pdf,2017-12,Meat/Poultry,6,Alice Mutton,108,0,39
StockReport_2017-12_6.pdf,2017-12,Meat/Poultry,6,Thüringer Rostbratwurst,72,0,123.79
StockReport_2017-12_6.pdf,2017-12,Meat/Poultry,6,Tourtière,19,21,7.45
StockReport_2017-12_6.pdf,2017-12,Meat/Poultry,6,Pâté chinois,60,115,24
StockReport_2017-12_7.pdf,2017-12,Produce,7,Uncle Bob's Organic Dried Pears,38,15,30
StockReport_2017-12_7.pdf,2017-12,Produce,7,Tofu,15,35,23.25
StockReport_2017-12_7.pdf,2017-12,Produce,7,Rössle Sauerkraut,24,26,45.6
StockReport_2017-12_7.pdf,2017-12,Produce,7,Manjimup Dried Apples,188,20,53
StockReport_2017-12_7.pdf,2017-12,Produce,7,Longlife Tofu,50,4,10
StockReport_2017-12_8.pdf,2017-12,Seafood,8,Ikura,52,31,31
StockReport_2017-12_8.pdf,2017-12,Seafood,8,Konbu,20,24,6
StockReport_2017-12_8.pdf,2017-12,Seafood,8,Carnarvon Tigers,30,42,62.5
StockReport_2017-12_8.pdf,2017-12,Seafood,8,Nord-Ost Matjeshering,40,10,25.89
StockReport_2017-12_8.pdf,2017-12,Seafood,8,Inlagd Sill,30,112,19
StockReport_2017-12_8.pdf,2017-12,Seafood,8,Boston Crab Meat,1,123,18.4
StockReport_2017-12_8.pdf,2017-12,Seafood,8,Jack's New England Clam Chowder,74,85,9.65
StockReport_2017-12_8.pdf,2017-12,Seafood,8,Rogede sild,27,5,9.5
StockReport_2018-01_1.pdf,2018-01,Beverages,1,Chai,84,39,18
StockReport_2018-01_1.pdf,2018-01,Beverages,1,Chang,62,17,19
StockReport_2018-01_1.pdf,2018-01,Beverages,1,Guaraná Fantástica,40,20,4.5
StockReport_2018-01_1.pdf,2018-01,Beverages,1,Steeleye Stout,59,20,18
StockReport_2018-01_1.pdf,2018-01,Beverages,1,Côte de Blaye,70,17,263.5
StockReport_2018-01_1.pdf,2018-01,Beverages,1,Chartreuse verte,59,69,18
StockReport_2018-01_1.pdf,2018-01,Beverages,1,Ipoh Coffee,41,17,46
StockReport_2018-01_1.pdf,2018-01,Beverages,1,Outback Lager,96,15,15
StockReport_2018-01_1.pdf,2018-01,Beverages,1,Rhönbräu Klosterbier,20,125,7.75
StockReport_2018-01_1.pdf,2018-01,Beverages,1,Lakkalikööri,91,57,18
StockReport_2018-01_2.pdf,2018-01,Condiments,2,Aniseed Syrup,79,13,10
StockReport_2018-01_2.pdf,2018-01,Condiments,2,Chef Anton's Cajun Seasoning,21,53,22
StockReport_2018-01_2.pdf,2018-01,Condiments,2,Chef Anton's Gumbo Mix,30,0,21.35
StockReport_2018-01_2.pdf,2018-01,Condiments,2,Grandma's Boysenberry Spread,6,120,25
StockReport_2018-01_2.pdf,2018-01,Condiments,2,Northwoods Cranberry Sauce,20,6,40
StockReport_2018-01_2.pdf,2018-01,Condiments,2,Gula Malacca,16,27,19.45
StockReport_2018-01_2.pdf,2018-01,Condiments,2,Sirop d'érable,30,113,28.5
StockReport_2018-01_2.pdf,2018-01,Condiments,2,Louisiana Fiery Hot Pepper Sauce,15,76,21.05
StockReport_2018-01_2.pdf,2018-01,Condiments,2,Original Frankfurter grüne Soße,52,32,13
StockReport_2018-01_3.pdf,2018-01,Confections,3,Pavlova,50,29,17.45
StockReport_2018-01_3.pdf,2018-01,Confections,3,Teatime Chocolate Biscuits,29,25,9.2
StockReport_2018-01_3.pdf,2018-01,Confections,3,Sir Rodney's Marmalade,5,40,81
StockReport_2018-01_3.pdf,2018-01,Confections,3,Sir Rodney's Scones,40,3,10
StockReport_2018-01_3.pdf,2018-01,Confections,3,NuNuCa Nuß-Nougat-Creme,51,76,14
StockReport_2018-01_3.pdf,2018-01,Confections,3,Gumbär Gummibärchen,105,15,31.23
StockReport_2018-01_3.pdf,2018-01,Confections,3,Schoggi Schokolade,10,49,43.9
StockReport_2018-01_3.pdf,2018-01,Confections,3,Zaanse koeken,40,36,9.5
StockReport_2018-01_3.pdf,2018-01,Confections,3,Chocolade,8,15,12.75
StockReport_2018-01_3.pdf,2018-01,Confections,3,Tarte au sucre,101,17,49.3
StockReport_2018-01_3.pdf,2018-01,Confections,3,Scottish Longbreads,44,6,12.5
StockReport_2018-01_4.pdf,2018-01,Dairy Products,4,Queso Cabrales,60,22,21
StockReport_2018-01_4.pdf,2018-01,Dairy Products,4,Gorgonzola Telino,74,0,12.5
StockReport_2018-01_4.pdf,2018-01,Dairy Products,4,Mascarpone Fabioli,20,9,32
StockReport_2018-01_4.pdf,2018-01,Dairy Products,4,Geitost,55,112,2.5
StockReport_2018-01_4.pdf,2018-01,Dairy Products,4,Raclette Courdavault,147,79,55
StockReport_2018-01_4.pdf,2018-01,Dairy Products,4,Camembert Pierrot,156,19,34
StockReport_2018-01_4.pdf,2018-01,Dairy Products,4,Flotemysost,55,26,21.5
StockReport_2018-01_4.pdf,2018-01,Dairy Products,4,Mozzarella di Giovanni,55,14,34.8
StockReport_2018-01_5.pdf,2018-01,Grains/Cereals,5,Gustaf's Knäckebröd,87,104,21
StockReport_2018-01_5.pdf,2018-01,Grains/Cereals,5,Tunnbröd,88,61,9
StockReport_2018-01_5.pdf,2018-01,Grains/Cereals,5,Singaporean Hokkien Fried Mee,62,26,14
StockReport_2018-01_5.pdf,2018-01,Grains/Cereals,5,Filo Mix,28,38,7
StockReport_2018-01_5.pdf,2018-01,Grains/Cereals,5,Gnocchi di nonna Alice,104,21,38
StockReport_2018-01_5.pdf,2018-01,Grains/Cereals,5,Ravioli Angelo,64,36,19.5
StockReport_2018-01_5.pdf,2018-01,Grains/Cereals,5,Wimmers gute Semmelknödel,111,22,33.25
StockReport_2018-01_6.pdf,2018-01,Meat/Poultry,6,Mishi Kobe Niku,3,29,97
StockReport_2018-01_6.pdf,2018-01,Meat/Poultry,6,Alice Mutton,48,0,39
StockReport_2018-01_6.pdf,2018-01,Meat/Poultry,6,Thüringer Rostbratwurst,18,0,123.79
StockReport_2018-01_6.pdf,2018-01,Meat/Poultry,6,Perth Pasties,29,0,32.8
StockReport_2018-01_6.pdf,2018-01,Meat/Poultry,6,Tourtière,35,21,7.45
StockReport_2018-01_7.pdf,2018-01,Produce,7,Uncle Bob's Organic Dried Pears,25,15,30
StockReport_2018-01_7.pdf,2018-01,Produce,7,Manjimup Dried Apples,13,20,53
StockReport_2018-01_7.pdf,2018-01,Produce,7,Longlife Tofu,20,4,10
StockReport_2018-01_8.pdf,2018-01,Seafood,8,Ikura,131,31,31
StockReport_2018-01_8.pdf,2018-01,Seafood,8,Konbu,91,24,6
StockReport_2018-01_8.pdf,2018-01,Seafood,8,Carnarvon Tigers,55,42,62.5
StockReport_2018-01_8.pdf,2018-01,Seafood,8,Nord-Ost Matjeshering,20,10,25.89
StockReport_2018-01_8.pdf,2018-01,Seafood,8,Inlagd Sill,50,112,19
StockReport_2018-01_8.pdf,2018-01,Seafood,8,Gravad lax,60,11,26
StockReport_2018-01_8.pdf,2018-01,Seafood,8,Boston Crab Meat,115,123,18.4
StockReport_2018-01_8.pdf,2018-01,Seafood,8,Jack's New England Clam Chowder,52,85,9.65
StockReport_2018-01_8.pdf,2018-01,Seafood,8,Rogede sild,36,5,9.5
StockReport_2018-01_8.pdf,2018-01,Seafood,8,Spegesild,35,95,12
StockReport_2018-01_8.pdf,2018-01,Seafood,8,Escargots de Bourgogne,90,62,13.25
StockReport_2018-02_1.pdf,2018-02,Beverages,1,Chai,90,39,18
StockReport_2018-02_1.pdf,2018-02,Beverages,1,Chang,61,17,19
StockReport_2018-02_1.pdf,2018-02,Beverages,1,Guaraná Fantástica,146,20,4.5
StockReport_2018-02_1.pdf,2018-02,Beverages,1,Sasquatch Ale,10,111,14
StockReport_2018-02_1.pdf,2018-02,Beverages,1,Steeleye Stout,37,20,18
StockReport_2018-02_1.pdf,2018-02,Beverages,1,Côte de Blaye,100,17,263.5
StockReport_2018-02_1.pdf,2018-02,Beverages,1,Chartreuse verte,133,69,18
StockReport_2018-02_1.pdf,2018-02,Beverages,1,Laughing Lumberjack Lager,30,52,14
StockReport_2018-02_1.pdf,2018-02,Beverages,1,Outback Lager,83,15,15
StockReport_2018-02_1.pdf,2018-02,Beverages,1,Rhönbräu Klosterbier,134,125,7.75
StockReport_2018-02_1.pdf,2018-02,Beverages,1,Lakkalikööri,10,57,18
StockReport_2018-02_2.pdf,2018-02,Condiments,2,Chef Anton's Cajun Seasoning,30,53,22
StockReport_2018-02_2.pdf,2018-02,Condiments,2,Grandma's Boysenberry Spread,50,120,25
StockReport_2018-02_2.pdf,2018-02,Condiments,2,Northwoods Cranberry Sauce,30,6,40
StockReport_2018-02_2.pdf,2018-02,Condiments,2,Sirop d'érable,50,113,28.5
StockReport_2018-02_2.pdf,2018-02,Condiments,2,Louisiana Fiery Hot Pepper Sauce,64,76,21.05
StockReport_2018-02_2.pdf,2018-02,Condiments,2,Original Frankfurter grüne Soße,65,32,13
StockReport_2018-02_3.pdf,2018-02,Confections,3,Pavlova,63,29,17.45
StockReport_2018-02_3.pdf,2018-02,Confections,3,Teatime Chocolate Biscuits,37,25,9.2
StockReport_2018-02_3.pdf,2018-02,Confections,3,Sir Rodney's Marmalade,20,40,81
StockReport_2018-02_3.pdf,2018-02,Confections,3,Sir Rodney's Scones,60,3,10
StockReport_2018-02_3.pdf,2018-02,Confections,3,NuNuCa Nuß-Nougat-Creme,5,76,14
StockReport_2018-02_3.pdf,2018-02,Confections,3,Gumbär Gummibärchen,20,15,31.23
StockReport_2018-02_3.pdf,2018-02,Confections,3,Zaanse koeken,21,36,9.5
StockReport_2018-02_3.pdf,2018-02,Confections,3,Maxilaku,87,10,20
StockReport_2018-02_3.pdf,2018-02,Confections,3,Tarte au sucre,61,17,49.3
StockReport_2018-02_3.pdf,2018-02,Confections,3,Scottish Longbreads,58,6,12.5
StockReport_2018-02_4.pdf,2018-02,Dairy Products,4,Queso Cabrales,90,22,21
StockReport_2018-02_4.pdf,2018-02,Dairy Products,4,Gorgonzola Telino,35,0,12.5
StockReport_2018-02_4.pdf,2018-02,Dairy Products,4,Mascarpone Fabioli,6,9,32
StockReport_2018-02_4.pdf,2018-02,Dairy Products,4,Geitost,70,112,2.5
StockReport_2018-02_4.pdf,2018-02,Dairy Products,4,Raclette Courdavault,40,79,55
StockReport_2018-02_4.pdf,2018-02,Dairy Products,4,Camembert Pierrot,100,19,34
StockReport_2018-02_4.pdf,2018-02,Dairy Products,4,Gudbrandsdalsost,50,26,36
StockReport_2018-02_4.pdf,2018-02,Dairy Products,4,Flotemysost,55,26,21.5
StockReport_2018-02_5.pdf,2018-02,Grains/Cereals,5,Tunnbröd,80,61,9
StockReport_2018-02_5.pdf,2018-02,Grains/Cereals,5,Singaporean Hokkien Fried Mee,25,26,14
StockReport_2018-02_5.pdf,2018-02,Grains/Cereals,5,Filo Mix,14,38,7
StockReport_2018-02_5.pdf,2018-02,Grains/Cereals,5,Gnocchi di nonna Alice,37,21,38
StockReport_2018-02_5.pdf,2018-02,Grains/Cereals,5,Ravioli Angelo,20,36,19.5
StockReport_2018-02_5.pdf,2018-02,Grains/Cereals,5,Wimmers gute Semmelknödel,35,22,33.25
StockReport_2018-02_6.pdf,2018-02,Meat/Poultry,6,Alice Mutton,53,0,39
StockReport_2018-02_6.pdf,2018-02,Meat/Poultry,6,Thüringer Rostbratwurst,164,0,123.79
StockReport_2018-02_6.pdf,2018-02,Meat/Poultry,6,Perth Pasties,3,0,32.8
StockReport_2018-02_6.pdf,2018-02,Meat/Poultry,6,Tourtière,42,21,7.45
StockReport_2018-02_6.pdf,2018-02,Meat/Poultry,6,Pâté chinois,40,115,24
StockReport_2018-02_7.pdf,2018-02,Produce,7,Uncle Bob's Organic Dried Pears,32,15,30
StockReport_2018-02_7.pdf,2018-02,Produce,7,Rössle Sauerkraut,3,26,45.6
StockReport_2018-02_7.pdf,2018-02,Produce,7,Manjimup Dried Apples,2,20,53
StockReport_2018-02_8.pdf,2018-02,Seafood,8,Ikura,80,31,31
StockReport_2018-02_8.pdf,2018-02,Seafood,8,Konbu,73,24,6
StockReport_2018-02_8.pdf,2018-02,Seafood,8,Carnarvon Tigers,25,42,62.5
StockReport_2018-02_8.pdf,2018-02,Seafood,8,Nord-Ost Matjeshering,126,10,25.89
StockReport_2018-02_8.pdf,2018-02,Seafood,8,Inlagd Sill,20,112,19
StockReport_2018-02_8.pdf,2018-02,Seafood,8,Boston Crab Meat,103,123,18.4
StockReport_2018-02_8.pdf,2018-02,Seafood,8,Jack's New England Clam Chowder,49,85,9.65
StockReport_2018-02_8.pdf,2018-02,Seafood,8,Rogede sild,15,5,9.5
StockReport_2018-02_8.pdf,2018-02,Seafood,8,Spegesild,21,95,12
StockReport_2018-02_8.pdf,2018-02,Seafood,8,Escargots de Bourgogne,42,62,13.25
StockReport_2018-02_8.pdf,2018-02,Seafood,8,Röd Kaviar,10,101,15
StockReport_2018-03_1.pdf,2018-03,Beverages,1,Chai,81,39,18
StockReport_2018-03_1.pdf,2018-03,Beverages,1,Chang,10,17,19
StockReport_2018-03_1.pdf,2018-03,Beverages,1,Guaraná Fantástica,200,20,4.5
StockReport_2018-03_1.pdf,2018-03,Beverages,1,Sasquatch Ale,20,111,14
StockReport_2018-03_1.pdf,2018-03,Beverages,1,Steeleye Stout,50,20,18
StockReport_2018-03_1.pdf,2018-03,Beverages,1,Côte de Blaye,65,17,263.5
StockReport_2018-03_1.pdf,2018-03,Beverages,1,Chartreuse verte,30,69,18
StockReport_2018-03_1.pdf,2018-03,Beverages,1,Ipoh Coffee,49,17,46
StockReport_2018-03_1.pdf,2018-03,Beverages,1,Laughing Lumberjack Lager,64,52,14
StockReport_2018-03_1.pdf,2018-03,Beverages,1,Rhönbräu Klosterbier,217,125,7.75
StockReport_2018-03_1.pdf,2018-03,Beverages,1,Lakkalikööri,139,57,18
StockReport_2018-03_2.pdf,2018-03,Condiments,2,Chef Anton's Cajun Seasoning,5,53,22
StockReport_2018-03_2.pdf,2018-03,Condiments,2,Chef Anton's Gumbo Mix,20,0,21.35
StockReport_2018-03_2.pdf,2018-03,Condiments,2,Grandma's Boysenberry Spread,88,120,25
StockReport_2018-03_2.pdf,2018-03,Condiments,2,Northwoods Cranberry Sauce,36,6,40
StockReport_2018-03_2.pdf,2018-03,Condiments,2,Gula Malacca,24,27,19.45
StockReport_2018-03_2.pdf,2018-03,Condiments,2,Sirop d'érable,30,113,28.5
StockReport_2018-03_2.pdf,2018-03,Condiments,2,Vegie-spread,105,24,43.9
StockReport_2018-03_2.pdf,2018-03,Condiments,2,Original Frankfurter grüne Soße,70,32,13
StockReport_2018-03_3.pdf,2018-03,Confections,3,Pavlova,173,29,17.45
StockReport_2018-03_3.pdf,2018-03,Confections,3,Teatime Chocolate Biscuits,19,25,9.2
StockReport_2018-03_3.pdf,2018-03,Confections,3,Sir Rodney's Marmalade,70,40,81
StockReport_2018-03_3.pdf,2018-03,Confections,3,Sir Rodney's Scones,148,3,10
StockReport_2018-03_3.pdf,2018-03,Confections,3,NuNuCa Nuß-Nougat-Creme,24,76,14
StockReport_2018-03_3.pdf,2018-03,Confections,3,Gumbär Gummibärchen,5,15,31.23
StockReport_2018-03_3.pdf,2018-03,Confections,3,Schoggi Schokolade,55,49,43.9
StockReport_2018-03_3.pdf,2018-03,Confections,3,Zaanse koeken,49,36,9.5
StockReport_2018-03_3.pdf,2018-03,Confections,3,Maxilaku,68,10,20
StockReport_2018-03_3.pdf,2018-03,Confections,3,Valkoinen suklaa,33,65,16.25
StockReport_2018-03_3.pdf,2018-03,Confections,3,Tarte au sucre,156,17,49.3
StockReport_2018-03_3.pdf,2018-03,Confections,3,Scottish Longbreads,80,6,12.5
StockReport_2018-03_4.pdf,2018-03,Dairy Products,4,Queso Cabrales,52,22,21
StockReport_2018-03_4.pdf,2018-03,Dairy Products,4,Queso Manchego La Pastora,50,86,38
StockReport_2018-03_4.pdf,2018-03,Dairy Products,4,Gorgonzola Telino,153,0,12.5
StockReport_2018-03_4.pdf,2018-03,Dairy Products,4,Mascarpone Fabioli,35,9,32
StockReport_2018-03_4.pdf,2018-03,Dairy Products,4,Geitost,22,112,2.5
StockReport_2018-03_4.pdf,2018-03,Dairy Products,4,Raclette Courdavault,4,79,55
StockReport_2018-03_4.pdf,2018-03,Dairy Products,4,Camembert Pierrot,110,19,34
StockReport_2018-03_4.pdf,2018-03,Dairy Products,4,Gudbrandsdalsost,19,26,36
StockReport_2018-03_4.pdf,2018-03,Dairy Products,4,Flotemysost,35,26,21.5
StockReport_2018-03_4.pdf,2018-03,Dairy Products,4,Mozzarella di Giovanni,101,14,34.8
StockReport_2018-03_5.pdf,2018-03,Grains/Cereals,5,Gustaf's Knäckebröd,21,104,21
StockReport_2018-03_5.pdf,2018-03,Grains/Cereals,5,Tunnbröd,8,61,9
StockReport_2018-03_5.pdf,2018-03,Grains/Cereals,5,Singaporean Hokkien Fried Mee,10,26,14
StockReport_2018-03_5.pdf,2018-03,Grains/Cereals,5,Filo Mix,63,38,7
StockReport_2018-03_5.pdf,2018-03,Grains/Cereals,5,Gnocchi di nonna Alice,30,21,38
StockReport_2018-03_5.pdf,2018-03,Grains/Cereals,5,Ravioli Angelo,45,36,19.5
StockReport_2018-03_5.pdf,2018-03,Grains/Cereals,5,Wimmers gute Semmelknödel,12,22,33.25
StockReport_2018-03_6.pdf,2018-03,Meat/Poultry,6,Alice Mutton,27,0,39
StockReport_2018-03_6.pdf,2018-03,Meat/Poultry,6,Thüringer Rostbratwurst,14,0,123.79
StockReport_2018-03_6.pdf,2018-03,Meat/Poultry,6,Perth Pasties,22,0,32.8
StockReport_2018-03_6.pdf,2018-03,Meat/Poultry,6,Pâté chinois,29,115,24
StockReport_2018-03_7.pdf,2018-03,Produce,7,Uncle Bob's Organic Dried Pears,217,15,30
StockReport_2018-03_7.pdf,2018-03,Produce,7,Rössle Sauerkraut,60,26,45.6
StockReport_2018-03_7.pdf,2018-03,Produce,7,Manjimup Dried Apples,74,20,53
StockReport_2018-03_8.pdf,2018-03,Seafood,8,Ikura,75,31,31
StockReport_2018-03_8.pdf,2018-03,Seafood,8,Konbu,288,24,6
StockReport_2018-03_8.pdf,2018-03,Seafood,8,Carnarvon Tigers,18,42,62.5
StockReport_2018-03_8.pdf,2018-03,Seafood,8,Nord-Ost Matjeshering,31,10,25.89
StockReport_2018-03_8.pdf,2018-03,Seafood,8,Inlagd Sill,95,112,19
StockReport_2018-03_8.pdf,2018-03,Seafood,8,Gravad lax,8,11,26
StockReport_2018-03_8.pdf,2018-03,Seafood,8,Boston Crab Meat,30,123,18.4
StockReport_2018-03_8.pdf,2018-03,Seafood,8,Jack's New England Clam Chowder,40,85,9.65
StockReport_2018-03_8.pdf,2018-03,Seafood,8,Rogede sild,30,5,9.5
StockReport_2018-03_8.pdf,2018-03,Seafood,8,Spegesild,24,95,12
StockReport_2018-03_8.pdf,2018-03,Seafood,8,Escargots de Bourgogne,30,62,13.25
StockReport_2018-04_1.pdf,2018-04,Beverages,1,Chai,104,39,18
StockReport_2018-04_1.pdf,2018-04,Beverages,1,Chang,201,17,19
StockReport_2018-04_1.pdf,2018-04,Beverages,1,Guaraná Fantástica,140,20,4.5
StockReport_2018-04_1.pdf,2018-04,Beverages,1,Sasquatch Ale,180,111,14
StockReport_2018-04_1.pdf,2018-04,Beverages,1,Steeleye Stout,117,20,18
StockReport_2018-04_1.pdf,2018-04,Beverages,1,Côte de Blaye,25,17,263.5
StockReport_2018-04_1.pdf,2018-04,Beverages,1,Ipoh Coffee,60,17,46
StockReport_2018-04_1.pdf,2018-04,Beverages,1,Laughing Lumberjack Lager,20,52,14
StockReport_2018-04_1.pdf,2018-04,Beverages,1,Outback Lager,69,15,15
StockReport_2018-04_1.pdf,2018-04,Beverages,1,Rhönbräu Klosterbier,30,125,7.75
StockReport_2018-04_1.pdf,2018-04,Beverages,1,Lakkalikööri,146,57,18
StockReport_2018-04_2.pdf,2018-04,Condiments,2,Aniseed Syrup,25,13,10
StockReport_2018-04_2.pdf,2018-04,Condiments,2,Chef Anton's Cajun Seasoning,25,53,22
StockReport_2018-04_2.pdf,2018-04,Condiments,2,Chef Anton's Gumbo Mix,100,0,21.35
StockReport_2018-04_2.pdf,2018-04,Condiments,2,Northwoods Cranberry Sauce,30,6,40
StockReport_2018-04_2.pdf,2018-04,Condiments,2,Gula Malacca,27,27,19.45
StockReport_2018-04_2.pdf,2018-04,Condiments,2,Sirop d'érable,97,113,28.5
StockReport_2018-04_2.pdf,2018-04,Condiments,2,Vegie-spread,42,24,43.9
StockReport_2018-04_2.pdf,2018-04,Condiments,2,Louisiana Fiery Hot Pepper Sauce,21,76,21.05
StockReport_2018-04_2.pdf,2018-04,Condiments,2,Original Frankfurter grüne Soße,79,32,13
StockReport_2018-04_3.pdf,2018-04,Confections,3,Teatime Chocolate Biscuits,85,25,9.2
StockReport_2018-04_3.pdf,2018-04,Confections,3,Sir Rodney's Marmalade,15,40,81
StockReport_2018-04_3.pdf,2018-04,Confections,3,Sir Rodney's Scones,103,3,10
StockReport_2018-04_3.pdf,2018-04,Confections,3,NuNuCa Nuß-Nougat-Creme,15,76,14
StockReport_2018-04_3.pdf,2018-04,Confections,3,Gumbär Gummibärchen,81,15,31.23
StockReport_2018-04_3.pdf,2018-04,Confections,3,Maxilaku,62,10,20
StockReport_2018-04_3.pdf,2018-04,Confections,3,Tarte au sucre,33,17,49.3
StockReport_2018-04_3.pdf,2018-04,Confections,3,Scottish Longbreads,44,6,12.5
StockReport_2018-04_4.pdf,2018-04,Dairy Products,4,Queso Cabrales,10,22,21
StockReport_2018-04_4.pdf,2018-04,Dairy Products,4,Queso Manchego La Pastora,44,86,38
StockReport_2018-04_4.pdf,2018-04,Dairy Products,4,Gorgonzola Telino,15,0,12.5
StockReport_2018-04_4.pdf,2018-04,Dairy Products,4,Mascarpone Fabioli,85,9,32
StockReport_2018-04_4.pdf,2018-04,Dairy Products,4,Geitost,55,112,2.5
StockReport_2018-04_4.pdf,2018-04,Dairy Products,4,Raclette Courdavault,322,79,55
StockReport_2018-04_4.pdf,2018-04,Dairy Products,4,Camembert Pierrot,174,19,34
StockReport_2018-04_4.pdf,2018-04,Dairy Products,4,Gudbrandsdalsost,66,26,36
StockReport_2018-04_4.pdf,2018-04,Dairy Products,4,Flotemysost,197,26,21.5
StockReport_2018-04_4.pdf,2018-04,Dairy Products,4,Mozzarella di Giovanni,37,14,34.8
StockReport_2018-04_5.pdf,2018-04,Grains/Cereals,5,Gustaf's Knäckebröd,25,104,21
StockReport_2018-04_5.pdf,2018-04,Grains/Cereals,5,Tunnbröd,10,61,9
StockReport_2018-04_5.pdf,2018-04,Grains/Cereals,5,Singaporean Hokkien Fried Mee,112,26,14
StockReport_2018-04_5.pdf,2018-04,Grains/Cereals,5,Filo Mix,32,38,7
StockReport_2018-04_5.pdf,2018-04,Grains/Cereals,5,Gnocchi di nonna Alice,25,21,38
StockReport_2018-04_5.pdf,2018-04,Grains/Cereals,5,Ravioli Angelo,48,36,19.5
StockReport_2018-04_5.pdf,2018-04,Grains/Cereals,5,Wimmers gute Semmelknödel,45,22,33.25
StockReport_2018-04_6.pdf,2018-04,Meat/Poultry,6,Alice Mutton,12,0,39
StockReport_2018-04_6.pdf,2018-04,Meat/Poultry,6,Thüringer Rostbratwurst,122,0,123.79
StockReport_2018-04_6.pdf,2018-04,Meat/Poultry,6,Perth Pasties,80,0,32.8
StockReport_2018-04_6.pdf,2018-04,Meat/Poultry,6,Tourtière,10,21,7.45
StockReport_2018-04_6.pdf,2018-04,Meat/Poultry,6,Pâté chinois,181,115,24
StockReport_2018-04_7.pdf,2018-04,Produce,7,Uncle Bob's Organic Dried Pears,124,15,30
StockReport_2018-04_7.pdf,2018-04,Produce,7,Rössle Sauerkraut,90,26,45.6
StockReport_2018-04_7.pdf,2018-04,Produce,7,Manjimup Dried Apples,133,20,53
StockReport_2018-04_7.pdf,2018-04,Produce,7,Longlife Tofu,20,4,10
StockReport_2018-04_8.pdf,2018-04,Seafood,8,Ikura,24,31,31
StockReport_2018-04_8.pdf,2018-04,Seafood,8,Konbu,193,24,6
StockReport_2018-04_8.pdf,2018-04,Seafood,8,Carnarvon Tigers,53,42,62.5
StockReport_2018-04_8.pdf,2018-04,Seafood,8,Nord-Ost Matjeshering,15,10,25.89
StockReport_2018-04_8.pdf,2018-04,Seafood,8,Inlagd Sill,69,112,19
StockReport_2018-04_8.pdf,2018-04,Seafood,8,Boston Crab Meat,55,123,18.4
StockReport_2018-04_8.pdf,2018-04,Seafood,8,Jack's New England Clam Chowder,113,85,9.65
StockReport_2018-04_8.pdf,2018-04,Seafood,8,Rogede sild,20,5,9.5
StockReport_2018-04_8.pdf,2018-04,Seafood,8,Spegesild,48,95,12
StockReport_2018-04_8.pdf,2018-04,Seafood,8,Escargots de Bourgogne,40,62,13.25
StockReport_2018-05_1.pdf,2018-05,Beverages,1,Chai,40,39,18
StockReport_2018-05_1.pdf,2018-05,Beverages,1,Chang,62,17,19
StockReport_2018-05_1.pdf,2018-05,Beverages,1,Guaraná Fantástica,20,20,4.5
StockReport_2018-05_1.pdf,2018-05,Beverages,1,Sasquatch Ale,35,111,14
StockReport_2018-05_1.pdf,2018-05,Beverages,1,Chartreuse verte,22,69,18
StockReport_2018-05_1.pdf,2018-05,Beverages,1,Ipoh Coffee,36,17,46
StockReport_2018-05_1.pdf,2018-05,Beverages,1,Rhönbräu Klosterbier,4,125,7.75
StockReport_2018-05_1.pdf,2018-05,Beverages,1,Lakkalikööri,2,57,18
StockReport_2018-05_2.pdf,2018-05,Condiments,2,Aniseed Syrup,4,13,10
StockReport_2018-05_2.pdf,2018-05,Condiments,2,Chef Anton's Cajun Seasoning,1,53,22
StockReport_2018-05_2.pdf,2018-05,Condiments,2,Grandma's Boysenberry Spread,21,120,25
StockReport_2018-05_2.pdf,2018-05,Condiments,2,Northwoods Cranberry Sauce,2,6,40
StockReport_2018-05_2.pdf,2018-05,Condiments,2,Louisiana Hot Spiced Okra,1,4,17
StockReport_2018-05_2.pdf,2018-05,Condiments,2,Original Frankfurter grüne Soße,30,32,13
StockReport_2018-05_3.pdf,2018-05,Confections,3,Pavlova,49,29,17.45
StockReport_2018-05_3.pdf,2018-05,Confections,3,Teatime Chocolate Biscuits,52,25,9.2
StockReport_2018-05_3.pdf,2018-05,Confections,3,Sir Rodney's Marmalade,1,40,81
StockReport_2018-05_3.pdf,2018-05,Confections,3,Valkoinen suklaa,22,65,16.25
StockReport_2018-05_3.pdf,2018-05,Confections,3,Scottish Longbreads,55,6,12.5
StockReport_2018-05_4.pdf,2018-05,Dairy Products,4,Queso Cabrales,10,22,21
StockReport_2018-05_4.pdf,2018-05,Dairy Products,4,Queso Manchego La Pastora,2,86,38
StockReport_2018-05_4.pdf,2018-05,Dairy Products,4,Gorgonzola Telino,20,0,12.5
StockReport_2018-05_4.pdf,2018-05,Dairy Products,4,Mascarpone Fabioli,1,9,32
StockReport_2018-05_4.pdf,2018-05,Dairy Products,4,Camembert Pierrot,2,19,34
StockReport_2018-05_5.pdf,2018-05,Grains/Cereals,5,Tunnbröd,2,61,9
StockReport_2018-05_5.pdf,2018-05,Grains/Cereals,5,Filo Mix,2,38,7
StockReport_2018-05_5.pdf,2018-05,Grains/Cereals,5,Wimmers gute Semmelknödel,132,22,33.25
StockReport_2018-05_6.pdf,2018-05,Meat/Poultry,6,Alice Mutton,77,0,39
StockReport_2018-05_6.pdf,2018-05,Meat/Poultry,6,Perth Pasties,25,0,32.8
StockReport_2018-05_6.pdf,2018-05,Meat/Poultry,6,Tourtière,20,21,7.45
StockReport_2018-05_6.pdf,2018-05,Meat/Poultry,6,Pâté chinois,6,115,24
StockReport_2018-05_7.pdf,2018-05,Produce,7,Uncle Bob's Organic Dried Pears,16,15,30
StockReport_2018-05_7.pdf,2018-05,Produce,7,Tofu,21,35,23.25
StockReport_2018-05_7.pdf,2018-05,Produce,7,Rössle Sauerkraut,8,26,45.6
StockReport_2018-05_8.pdf,2018-05,Seafood,8,Ikura,1,31,31
StockReport_2018-05_8.pdf,2018-05,Seafood,8,Konbu,14,24,6
StockReport_2018-05_8.pdf,2018-05,Seafood,8,Nord-Ost Matjeshering,4,10,25.89
StockReport_2018-05_8.pdf,2018-05,Seafood,8,Jack's New England Clam Chowder,64,85,9.65
StockReport_2018-05_8.pdf,2018-05,Seafood,8,Spegesild,33,95,12
StockReport_2018-05_8.pdf,2018-05,Seafood,8,Röd Kaviar,2,101,15
